local,year,fleet_monitored,assisted_trips,estimated_fishermen,production_ton,fishermen_per_vessel_x,cpue_ton_per_trip,cpue_per_fisherman,fishermen_per_vessel_y,municipality,n_landing_points,period,platform_dist_km_mean,mpa_dist_km_mean,inside_any_mpa_any,platform_exposure_class,mpa_exposure_class,combined_exposure_class,richness,shannon_h,simpson_1d,pielou_j,total_production_div
AREIA BRANCA,2003,26.0,57,124.33,18.8,4.781923076923077,0.3298245614035088,0.15121048821684227,4.781923076923077,Areia Branca,8,early,31.17549859480912,3.309766594129834,True,20-50 km,inside,20-50 km × inside,1,-0.0,0.0,,18.8
AREIA BRANCA,2005,94.0,846,251.27,117.16,2.673085106382979,0.1384869976359338,0.4662713415847494,2.673085106382979,Areia Branca,8,early,31.17549859480912,3.309766594129834,True,20-50 km,inside,20-50 km × inside,32,1.4133863298211584,0.4847140235159074,0.4078170897786476,117.16999999999999
AREIA BRANCA,2006,67.0,633,244.16,38.01,3.644179104477612,0.060047393364928904,0.15567660550458715,3.644179104477612,Areia Branca,8,early,31.17549859480912,3.309766594129834,True,20-50 km,inside,20-50 km × inside,26,2.449958983425477,0.8652017640152294,0.7519602181319169,38.019999999999996
AREIA BRANCA,2007,61.0,241,265.31,55.91,4.349344262295082,0.23199170124481328,0.21073461234028115,4.349344262295082,Areia Branca,8,early,31.17549859480912,3.309766594129834,True,20-50 km,inside,20-50 km × inside,19,1.9428444478746507,0.7825780767470663,0.6598351881704346,55.900000000000006
AREIA BRANCA,2008,108.0,1867,360.84,377.11,3.3411111111111107,0.20198714515265132,1.0450892362265825,3.3411111111111107,Areia Branca,8,early,31.17549859480912,3.309766594129834,True,20-50 km,inside,20-50 km × inside,34,2.1634487819977672,0.8130112083021898,0.6135075432292207,377.1
AREIA BRANCA,2009,153.0,2570,641.0,841.98,4.189542483660131,0.32761867704280156,1.313541341653666,4.189542483660131,Areia Branca,8,middle,31.17549859480912,3.309766594129834,True,20-50 km,inside,20-50 km × inside,38,2.4178979092511144,0.8338300167600219,0.6646984574608634,841.721
AREIA BRANCA,2010,187.0,4427,490.5,704.232,2.622994652406417,0.15907657555906934,1.435743119266055,2.622994652406417,Areia Branca,8,middle,31.17549859480912,3.309766594129834,True,20-50 km,inside,20-50 km × inside,36,2.488047841798288,0.8338757443495074,0.6943029699377605,704.2330000000002
AREIA BRANCA,2011,167.0,4846,386.0,708.344,2.311377245508982,0.14617086256706563,1.8350880829015546,2.311377245508982,Areia Branca,8,middle,31.17549859480912,3.309766594129834,True,20-50 km,inside,20-50 km × inside,48,2.7836883682101097,0.8991191220768294,0.7190761627635727,708.341
AREIA BRANCA,2012,196.0,5090,289.0,984.1,1.4744897959183674,0.19333988212180747,3.4051903114186852,1.4744897959183674,Areia Branca,8,middle,31.17549859480912,3.309766594129834,True,20-50 km,inside,20-50 km × inside,42,2.26842962560489,0.758438539876981,0.6069101491765158,984.5000000000001
AREIA BRANCA,2013,198.0,5141,328.5,1454.6,1.6590909090909092,0.28294106205018477,4.4280060882800605,1.6590909090909092,Areia Branca,8,middle,31.17549859480912,3.309766594129834,True,20-50 km,inside,20-50 km × inside,35,1.6298476184281003,0.5618120202280521,0.45842139510394975,1454.7999999999997
AREIA BRANCA,2014,101.0,2292,389.0,1328.79,3.8514851485148514,0.5797513089005235,3.415912596401028,3.8514851485148514,Areia Branca,8,middle,31.17549859480912,3.309766594129834,True,20-50 km,inside,20-50 km × inside,34,0.8755648211672755,0.27931848488405453,0.24829135167981137,1328.9
AREIA BRANCA,2015,119.0,2875,490.0,2131.7,4.117647058823529,0.7414608695652173,4.350408163265306,4.117647058823529,Areia Branca,8,middle,31.17549859480912,3.309766594129834,True,20-50 km,inside,20-50 km × inside,43,0.6663853249901825,0.21034046704372178,0.1771735894109164,2131.8999999999996
AREIA BRANCA,2016,110.0,2705,404.0,3070.2,3.672727272727273,1.1350092421441773,7.599504950495049,3.672727272727273,Areia Branca,8,recent,31.17549859480912,3.309766594129834,True,20-50 km,inside,20-50 km × inside,37,0.8539716275894853,0.27614669872445297,0.23649710357556533,3070.1999999999994
AREIA BRANCA,2017,99.0,2342,326.0,3005.0,3.292929292929293,1.2830913748932535,9.217791411042946,3.292929292929293,Areia Branca,8,recent,31.17549859480912,3.309766594129834,True,20-50 km,inside,20-50 km × inside,34,0.8816078511895231,0.2878144770879144,0.2500050250209413,3005.7000000000003
AREIA BRANCA,2018,109.0,1978,390.0,2284.02,3.5779816513761467,1.1547118301314458,5.856461538461539,3.5779816513761467,Areia Branca,8,recent,31.17549859480912,3.309766594129834,True,20-50 km,inside,20-50 km × inside,39,0.7354209779442157,0.30218433292713176,0.2007393484755874,2283.5
AREIA BRANCA,2019,104.0,5729,380.0,4065.29,3.6538461538461537,0.7095985337755281,10.698131578947368,3.6538461538461537,Areia Branca,8,recent,31.17549859480912,3.309766594129834,True,20-50 km,inside,20-50 km × inside,49,0.706658836326825,0.22594420995459352,0.18157540230464617,4065.3
AREIA BRANCA,2020,81.0,4398,296.0,3364.9,3.654320987654321,0.7650977717144156,11.367905405405406,3.654320987654321,Areia Branca,8,recent,31.17549859480912,3.309766594129834,True,20-50 km,inside,20-50 km × inside,49,0.5822299157193181,0.18073364960138316,0.14960349428311864,3364.9100000000008
AREIA BRANCA,2021,93.0,5340,337.7,4081.78639,3.631182795698925,0.7643794737827716,12.087019218241043,3.631182795698925,Areia Branca,8,recent,31.17549859480912,3.309766594129834,True,20-50 km,inside,20-50 km × inside,49,0.7181038705077439,0.25939674046429284,0.18451619435161587,4081.7599999999998
AREIA BRANCA,2022,111.9,5041,320.6,3794.97,2.865058087578195,0.7528208688752231,11.837086712414221,2.865058087578195,Areia Branca,8,recent,31.17549859480912,3.309766594129834,True,20-50 km,inside,20-50 km × inside,48,0.7611521677262685,0.27451958638495955,0.19661912816760702,3794.91
AREIA BRANCA,2023,81.0,4576,265.4,3747.05,3.276543209876543,0.8188483391608392,14.118500376789752,3.276543209876543,Areia Branca,8,recent,31.17549859480912,3.309766594129834,True,20-50 km,inside,20-50 km × inside,53,0.6788204023177594,0.22931548549284897,0.17097493511766382,3747.07
AREIA BRANCA,2024,61.1,3406,219.0,2896.9,3.5842880523731586,0.8505284791544334,13.22785388127854,3.5842880523731586,Areia Branca,8,recent,31.17549859480912,3.309766594129834,True,20-50 km,inside,20-50 km × inside,45,0.5723153774012996,0.19550347268523816,0.1503457106952056,2897.19
CAICARA DO NORTE,2001,219.0,5976,710.82,202.7,3.2457534246575346,0.0339190093708166,0.2851636138544216,3.2457534246575346,Caiçara do Norte,2,early,31.721600034764556,38.044851750636056,False,20-50 km,25-50 km,20-50 km × 25-50 km,29,2.6588505656192885,0.9076283590375515,0.7896100312724732,202.7
CAICARA DO NORTE,2002,208.0,5495,697.0,305.65,3.3509615384615383,0.05562329390354868,0.43852223816355806,3.3509615384615383,Caiçara do Norte,2,early,31.721600034764556,38.044851750636056,False,20-50 km,25-50 km,20-50 km × 25-50 km,29,2.3357122215656907,0.8472963841598449,0.6936462786446277,305.60999999999996
CAICARA DO NORTE,2003,200.0,5482,684.23,332.59,3.42115,0.06066946369937978,0.4860792423600251,3.42115,Caiçara do Norte,2,early,31.721600034764556,38.044851750636056,False,20-50 km,25-50 km,20-50 km × 25-50 km,30,2.4323704797815404,0.8472620416168744,0.7151512267108849,332.6199999999999
CAICARA DO NORTE,2004,200.0,6107,666.13,421.24,3.33065,0.06897658424758474,0.6323690570909583,3.33065,Caiçara do Norte,2,early,31.721600034764556,38.044851750636056,False,20-50 km,25-50 km,20-50 km × 25-50 km,31,2.181227900576204,0.7716464042589266,0.6351881270050431,421.22999999999996
CAICARA DO NORTE,2005,217.0,4930,699.5,335.3,3.2235023041474653,0.06801217038539555,0.47934238741958546,3.2235023041474653,Caiçara do Norte,2,early,31.721600034764556,38.044851750636056,False,20-50 km,25-50 km,20-50 km × 25-50 km,30,2.6120973157418352,0.9026570789751738,0.767993451313699,335.2999999999999
CAICARA DO NORTE,2006,196.0,4786,666.79,364.5,3.401989795918367,0.07615963226076056,0.5466488699590576,3.401989795918367,Caiçara do Norte,2,early,31.721600034764556,38.044851750636056,False,20-50 km,25-50 km,20-50 km × 25-50 km,32,2.3209207991684133,0.8323812305440403,0.669676185451264,364.48
CAICARA DO NORTE,2007,208.0,5534,654.75,509.34,3.1478365384615383,0.09203830863751354,0.7779152348224513,3.1478365384615383,Caiçara do Norte,2,early,31.721600034764556,38.044851750636056,False,20-50 km,25-50 km,20-50 km × 25-50 km,30,2.0913108372131073,0.760145809455636,0.6148748815604138,509.34000000000003
CAICARA DO NORTE,2008,199.0,5402,634.87,429.4,3.1903015075376886,0.0794890781192151,0.6763589396254351,3.1903015075376886,Caiçara do Norte,2,early,31.721600034764556,38.044851750636056,False,20-50 km,25-50 km,20-50 km × 25-50 km,35,2.511702772380024,0.845016108741544,0.7064576319787426,429.4
CAICARA DO NORTE,2009,130.0,5082,854.5,1485.851,6.573076923076923,0.2923752459661551,1.738854300760679,6.573076923076923,Caiçara do Norte,2,middle,31.721600034764556,38.044851750636056,False,20-50 km,25-50 km,20-50 km × 25-50 km,38,2.5073990020439445,0.8238460609428615,0.6893029860858465,1485.9555
CAICARA DO NORTE,2010,145.0,5675,797.5,1346.424,5.5,0.23725533039647576,1.6883059561128526,5.5,Caiçara do Norte,2,middle,31.721600034764556,38.044851750636056,False,20-50 km,25-50 km,20-50 km × 25-50 km,37,2.9162066717825343,0.9102176104671702,0.8076081324283102,1346.4279999999999
CAICARA DO NORTE,2011,217.0,10818,685.0,1257.689,3.1566820276497696,0.11625892031798854,1.8360423357664235,3.1566820276497696,Caiçara do Norte,2,middle,31.721600034764556,38.044851750636056,False,20-50 km,25-50 km,20-50 km × 25-50 km,49,2.8047266359574015,0.8913433299034277,0.720672184509398,1257.695
CAICARA DO NORTE,2012,406.0,14516,571.0,1450.1,1.4064039408866995,0.09989666574813998,2.5395796847635723,1.4064039408866995,Caiçara do Norte,2,middle,31.721600034764556,38.044851750636056,False,20-50 km,25-50 km,20-50 km × 25-50 km,44,2.519468405376814,0.8085406392806619,0.6657880944428471,1450.2
CAICARA DO NORTE,2013,356.0,14222,566.0,1634.4,1.5898876404494382,0.11492054563352554,2.8876325088339225,1.5898876404494382,Caiçara do Norte,2,middle,31.721600034764556,38.044851750636056,False,20-50 km,25-50 km,20-50 km × 25-50 km,37,2.5991719995948075,0.8535448353279476,0.7198092181750735,1634.4999999999998
CAICARA DO NORTE,2014,178.0,6908,557.0,1081.2,3.1292134831460676,0.1565141864504922,1.941113105924596,3.1292134831460676,Caiçara do Norte,2,middle,31.721600034764556,38.044851750636056,False,20-50 km,25-50 km,20-50 km × 25-50 km,37,2.2837981499725393,0.7950537284745939,0.6324702486244408,1081.0
CAICARA DO NORTE,2015,181.0,7474,604.0,760.9,3.3370165745856353,0.10180626170725181,1.2597682119205298,3.3370165745856353,Caiçara do Norte,2,middle,31.721600034764556,38.044851750636056,False,20-50 km,25-50 km,20-50 km × 25-50 km,42,2.9234871499075687,0.9160518336039553,0.7821684227003092,760.8999999999999
CAICARA DO NORTE,2016,177.0,6376,561.0,1672.6,3.169491525423729,0.26232747804265993,2.9814616755793226,3.169491525423729,Caiçara do Norte,2,recent,31.721600034764556,38.044851750636056,False,20-50 km,25-50 km,20-50 km × 25-50 km,38,2.741101947419425,0.8837744365791343,0.7535496967103061,1673.0000000000005
CAICARA DO NORTE,2017,190.0,5230,494.0,1750.0,2.6,0.33460803059273425,3.54251012145749,2.6,Caiçara do Norte,2,recent,31.721600034764556,38.044851750636056,False,20-50 km,25-50 km,20-50 km × 25-50 km,35,2.685397781458435,0.8723529098284978,0.7553122043228203,1750.4
CAICARA DO NORTE,2018,200.0,4084,554.0,424.39,2.77,0.10391527913809989,0.7660469314079422,2.77,Caiçara do Norte,2,recent,31.721600034764556,38.044851750636056,False,20-50 km,25-50 km,20-50 km × 25-50 km,41,2.929112321149457,0.9211414284711753,0.7887587122414358,424.4
CAICARA DO NORTE,2019,150.0,12633,561.0,1122.63,3.74,0.08886487770125862,2.0011229946524067,3.74,Caiçara do Norte,2,recent,31.721600034764556,38.044851750636056,False,20-50 km,25-50 km,20-50 km × 25-50 km,49,2.7859166252737912,0.8981578349635367,0.7158389678542656,1122.6499999999999
CAICARA DO NORTE,2020,154.0,8105,534.0,999.21,3.4675324675324677,0.12328315854410858,1.871179775280899,3.4675324675324677,Caiçara do Norte,2,recent,31.721600034764556,38.044851750636056,False,20-50 km,25-50 km,20-50 km × 25-50 km,47,2.695962650744218,0.8838152052202723,0.7002231939229538,999.2400000000001
CAICARA DO NORTE,2021,138.0,8799,509.6,1250.73997,3.692753623188406,0.14214569496533697,2.4543562990580847,3.692753623188406,Caiçara do Norte,2,recent,31.721600034764556,38.044851750636056,False,20-50 km,25-50 km,20-50 km × 25-50 km,49,2.6254142382798706,0.8798320864837958,0.6745980125429836,1250.6999999999998
CAICARA DO NORTE,2022,191.8,8280,531.1,898.67,2.769030239833159,0.10853502415458936,1.6920918847674635,2.769030239833159,Caiçara do Norte,2,recent,31.721600034764556,38.044851750636056,False,20-50 km,25-50 km,20-50 km × 25-50 km,46,2.960248663686694,0.9259853668528443,0.7731851477135658,898.72
CAICARA DO NORTE,2023,140.0,8953,539.5,999.63,3.8535714285714286,0.11165307718083324,1.852882298424467,3.8535714285714286,Caiçara do Norte,2,recent,31.721600034764556,38.044851750636056,False,20-50 km,25-50 km,20-50 km × 25-50 km,49,3.026077278986394,0.9331584955084997,0.7775480487769367,999.62
CAICARA DO NORTE,2024,166.8,6922,436.0,784.3,2.6139088729016784,0.11330540306269864,1.7988532110091742,2.6139088729016784,Caiçara do Norte,2,recent,31.721600034764556,38.044851750636056,False,20-50 km,25-50 km,20-50 km × 25-50 km,49,3.1048258217407705,0.9425349429226735,0.7977824215696905,784.3300000000002
GALINHOS,2004,61.0,814,151.49,40.3,2.48344262295082,0.0495085995085995,0.2660241600105617,2.48344262295082,Galinhos,1,early,21.7644741498777,21.774377887425786,False,20-50 km,10-25 km,20-50 km × 10-25 km,24,2.1773789595241757,0.8410313388765405,0.685129666065407,40.29
GALINHOS,2005,74.0,735,162.8,27.3,2.2,0.037142857142857144,0.16769041769041768,2.2,Galinhos,1,early,21.7644741498777,21.774377887425786,False,20-50 km,10-25 km,20-50 km × 10-25 km,24,2.1218789952365826,0.836156104431187,0.6676661593879519,27.32
GALINHOS,2007,80.0,828,167.41,20.31,2.092625,0.024528985507246377,0.12131891762738187,2.092625,Galinhos,1,early,21.7644741498777,21.774377887425786,False,20-50 km,10-25 km,20-50 km × 10-25 km,25,2.24128055872622,0.8340323665907026,0.6962929546429432,20.330000000000002
GALINHOS,2008,128.0,3849,292.29,148.38,2.283515625,0.038550272798129386,0.5076465154469876,2.283515625,Galinhos,1,early,21.7644741498777,21.774377887425786,False,20-50 km,10-25 km,20-50 km × 10-25 km,35,2.416549085365813,0.871821068940214,0.6796940956474082,148.4
GALINHOS,2009,131.0,3828,151.5,207.233,1.1564885496183206,0.05413610240334378,1.367874587458746,1.1564885496183206,Galinhos,1,middle,21.7644741498777,21.774377887425786,False,20-50 km,10-25 km,20-50 km × 10-25 km,36,2.385063302130828,0.8596598983038429,0.6655645869583116,207.303
GALINHOS,2010,149.0,4718,199.0,246.633,1.3355704697986577,0.05227490462060195,1.239361809045226,1.3355704697986577,Galinhos,1,middle,21.7644741498777,21.774377887425786,False,20-50 km,10-25 km,20-50 km × 10-25 km,34,2.463378965657019,0.8609299036598747,0.6985612924319908,246.625
GALINHOS,2011,174.0,4703,185.5,237.15,1.0660919540229885,0.05042526047203912,1.2784366576819408,1.0660919540229885,Galinhos,1,middle,21.7644741498777,21.774377887425786,False,20-50 km,10-25 km,20-50 km × 10-25 km,44,2.7945436856898382,0.9150895117920137,0.7384787645528973,237.18599999999998
GALINHOS,2012,146.0,4779,166.0,219.5,1.1369863013698631,0.04593011090186232,1.322289156626506,1.1369863013698631,Galinhos,1,middle,21.7644741498777,21.774377887425786,False,20-50 km,10-25 km,20-50 km × 10-25 km,38,2.865728630743064,0.9180361788884743,0.7878105163448885,219.39999999999998
GALINHOS,2013,132.0,4202,252.75,214.7,1.9147727272727273,0.05109471680152308,0.849455984174085,1.9147727272727273,Galinhos,1,middle,21.7644741498777,21.774377887425786,False,20-50 km,10-25 km,20-50 km × 10-25 km,34,2.7745255781119798,0.9028779456751485,0.7867957795988492,214.5
GALINHOS,2014,60.0,1738,139.0,94.22,2.316666666666667,0.05421173762945915,0.677841726618705,2.316666666666667,Galinhos,1,middle,21.7644741498777,21.774377887425786,False,20-50 km,10-25 km,20-50 km × 10-25 km,30,2.676524475533107,0.8970659165798929,0.7869359449598002,94.2
GALINHOS,2015,56.0,1586,127.0,89.2,2.267857142857143,0.05624211853720051,0.7023622047244095,2.267857142857143,Galinhos,1,middle,21.7644741498777,21.774377887425786,False,20-50 km,10-25 km,20-50 km × 10-25 km,34,2.695320481872073,0.8978605528378617,0.7643349178443557,89.3
GALINHOS,2016,55.0,1388,134.0,202.3,2.4363636363636365,0.1457492795389049,1.5097014925373136,2.4363636363636365,Galinhos,1,recent,21.7644741498777,21.774377887425786,False,20-50 km,10-25 km,20-50 km × 10-25 km,38,2.8306678497303013,0.9098830875421227,0.7781720419629099,202.89999999999998
GALINHOS,2017,58.0,1144,126.0,204.0,2.1724137931034484,0.17832167832167833,1.619047619047619,2.1724137931034484,Galinhos,1,recent,21.7644741498777,21.774377887425786,False,20-50 km,10-25 km,20-50 km × 10-25 km,29,2.646198014751523,0.9020657812635866,0.785852550045225,204.6
GALINHOS,2018,53.0,899,119.0,75.99,2.2452830188679247,0.08452725250278086,0.6385714285714286,2.2452830188679247,Galinhos,1,recent,21.7644741498777,21.774377887425786,False,20-50 km,10-25 km,20-50 km × 10-25 km,31,2.434971722951094,0.8650658501148276,0.7090800221301834,75.9
GALINHOS,2019,53.0,3526,130.0,222.479,2.452830188679245,0.06309671015314805,1.7113769230769231,2.452830188679245,Galinhos,1,recent,21.7644741498777,21.774377887425786,False,20-50 km,10-25 km,20-50 km × 10-25 km,44,2.687636613434003,0.905961740975153,0.7102277828109648,222.49000000000004
GALINHOS,2020,50.0,3502,112.0,179.61,2.24,0.05128783552255854,1.6036607142857144,2.24,Galinhos,1,recent,21.7644741498777,21.774377887425786,False,20-50 km,10-25 km,20-50 km × 10-25 km,40,2.3144186955888015,0.8476128882619887,0.6274042631042607,179.64
GALINHOS,2021,49.0,4381,116.9,194.2537,2.3857142857142857,0.04434003652134216,1.6617082976903337,2.3857142857142857,Galinhos,1,recent,21.7644741498777,21.774377887425786,False,20-50 km,10-25 km,20-50 km × 10-25 km,41,2.382558663954082,0.8468077564602661,0.6415813726400997,194.25
GALINHOS,2022,46.8,4382,111.0,197.49,2.371794871794872,0.045068461889548155,1.7791891891891893,2.371794871794872,Galinhos,1,recent,21.7644741498777,21.774377887425786,False,20-50 km,10-25 km,20-50 km × 10-25 km,41,2.374489738189939,0.844615689244626,0.639408552072946,197.54999999999998
GALINHOS,2023,50.0,4754,114.7,232.49,2.294,0.048904080774084986,2.026939843068875,2.294,Galinhos,1,recent,21.7644741498777,21.774377887425786,False,20-50 km,10-25 km,20-50 km × 10-25 km,43,2.333883079001294,0.8454488607377072,0.620515528876859,232.51000000000002
GALINHOS,2024,48.3,3800,109.0,178.1,2.256728778467909,0.04686842105263158,1.6339449541284403,2.256728778467909,Galinhos,1,recent,21.7644741498777,21.774377887425786,False,20-50 km,10-25 km,20-50 km × 10-25 km,43,2.509357564309011,0.8701721355742854,0.6671693840055856,178.18999999999997
GROSSOS,2003,1.0,3,5.0,0.82,5.0,,0.16399999999999998,5.0,Grossos,3,early,44.696278903272656,20.13619075292307,False,20-50 km,10-25 km,20-50 km × 10-25 km,1,-0.0,0.0,,0.8200000000000001
GROSSOS,2005,2.0,4,8.0,2.77,4.0,,0.34625,4.0,Grossos,3,early,44.696278903272656,20.13619075292307,False,20-50 km,10-25 km,20-50 km × 10-25 km,1,-0.0,0.0,,2.77
GROSSOS,2007,1.0,2,5.0,1.3,5.0,,0.26,5.0,Grossos,3,early,44.696278903272656,20.13619075292307,False,20-50 km,10-25 km,20-50 km × 10-25 km,1,-0.0,0.0,,1.3
GROSSOS,2009,43.0,1051,116.0,72.139,2.697674418604651,0.06863843958135109,0.6218879310344827,2.697674418604651,Grossos,3,middle,44.696278903272656,20.13619075292307,False,20-50 km,10-25 km,20-50 km × 10-25 km,35,2.856776889941626,0.9268829018966471,0.8035153916111548,72.00970000000001
GROSSOS,2010,92.0,4398,103.5,108.012,1.125,0.024559345156889494,1.0435942028985508,1.125,Grossos,3,middle,44.696278903272656,20.13619075292307,False,20-50 km,10-25 km,20-50 km × 10-25 km,30,2.7891788966772135,0.9228643195739656,0.8200579336310525,108.017
GROSSOS,2011,137.0,4275,112.0,103.226,0.8175182481751825,0.024146432748538012,0.9216607142857143,0.8175182481751825,Grossos,3,middle,44.696278903272656,20.13619075292307,False,20-50 km,10-25 km,20-50 km × 10-25 km,44,2.4093327794650836,0.8437380748674352,0.636683943603109,103.22999999999999
GROSSOS,2012,78.0,5787,84.5,97.0,1.0833333333333333,0.016761707274926558,1.1479289940828403,1.0833333333333333,Grossos,3,middle,44.696278903272656,20.13619075292307,False,20-50 km,10-25 km,20-50 km × 10-25 km,31,2.4864182206965997,0.857365446349293,0.7240615857418099,96.8
GROSSOS,2013,73.0,4730,50.0,78.7,0.684931506849315,0.016638477801268498,1.574,0.684931506849315,Grossos,3,middle,44.696278903272656,20.13619075292307,False,20-50 km,10-25 km,20-50 km × 10-25 km,25,2.3450420840000024,0.8397223625980635,0.7285282849008387,78.7
GROSSOS,2014,37.0,2514,78.0,35.9,2.108108108108108,0.01428003182179793,0.46025641025641023,2.108108108108108,Grossos,3,middle,44.696278903272656,20.13619075292307,False,20-50 km,10-25 km,20-50 km × 10-25 km,22,2.2258684260794848,0.8026269331261917,0.7201028325124269,35.7
GROSSOS,2015,36.0,2325,80.0,34.6,2.2222222222222223,0.014881720430107527,0.4325,2.2222222222222223,Grossos,3,middle,44.696278903272656,20.13619075292307,False,20-50 km,10-25 km,20-50 km × 10-25 km,24,1.940858386881923,0.755657799666138,0.6107065803443078,34.7
GROSSOS,2016,34.0,2281,79.0,75.0,2.323529411764706,0.03288031565103025,0.9493670886075949,2.323529411764706,Grossos,3,recent,44.696278903272656,20.13619075292307,False,20-50 km,10-25 km,20-50 km × 10-25 km,26,2.203807789618373,0.8033753961068356,0.6764096041661988,75.2
GROSSOS,2017,43.0,1482,89.0,75.0,2.0697674418604652,0.05060728744939271,0.8426966292134831,2.0697674418604652,Grossos,3,recent,44.696278903272656,20.13619075292307,False,20-50 km,10-25 km,20-50 km × 10-25 km,25,2.235841351984588,0.8156728888888888,0.694603170060509,75.0
GROSSOS,2018,25.0,682,59.0,17.77,2.36,0.026055718475073313,0.30118644067796607,2.36,Grossos,3,recent,44.696278903272656,20.13619075292307,False,20-50 km,10-25 km,20-50 km × 10-25 km,17,1.9753863962417315,0.7600262164102245,0.6972247255526608,17.900000000000002
GROSSOS,2019,21.0,14632,53.0,34.307,2.5238095238095237,0.0023446555494805905,0.6473018867924528,2.5238095238095237,Grossos,3,recent,44.696278903272656,20.13619075292307,False,20-50 km,10-25 km,20-50 km × 10-25 km,33,2.483226352737632,0.851856040933049,0.7102019112168415,34.33
GROSSOS,2020,17.0,1280,46.0,176.07,2.7058823529411766,0.1375546875,3.8276086956521738,2.7058823529411766,Grossos,3,recent,44.696278903272656,20.13619075292307,False,20-50 km,10-25 km,20-50 km × 10-25 km,36,1.154284983740924,0.3895564861867694,0.32210935774717164,176.09999999999997
GROSSOS,2021,20.0,1219,52.5,28.3846,2.625,0.02328515176374077,0.5406590476190476,2.625,Grossos,3,recent,44.696278903272656,20.13619075292307,False,20-50 km,10-25 km,20-50 km × 10-25 km,30,2.430223282379565,0.8442914510641581,0.7145199203910717,28.369999999999997
GROSSOS,2022,24.1,1343,47.3,30.37,1.9626556016597507,0.02261355174981385,0.6420718816067654,1.9626556016597507,Grossos,3,recent,44.696278903272656,20.13619075292307,False,20-50 km,10-25 km,20-50 km × 10-25 km,31,2.294389096138491,0.8147318476250024,0.6681414226418139,30.52
GROSSOS,2023,17.0,1437,54.6,33.19,3.211764705882353,0.02309672929714683,0.6078754578754578,3.211764705882353,Grossos,3,recent,44.696278903272656,20.13619075292307,False,20-50 km,10-25 km,20-50 km × 10-25 km,32,2.625192418085981,0.894175354748528,0.7574704165903903,33.19
GROSSOS,2024,23.5,1113,52.0,25.8,2.2127659574468086,0.02318059299191375,0.49615384615384617,2.2127659574468086,Grossos,3,recent,44.696278903272656,20.13619075292307,False,20-50 km,10-25 km,20-50 km × 10-25 km,26,2.526958153094481,0.8706525526911788,0.775593394365474,25.780000000000005
GUAMARE,2001,57.0,1047,156.8,42.64,2.7508771929824563,0.04072588347659981,0.27193877551020407,2.7508771929824563,Guamaré,2,early,15.522437717087048,5.10015585248345,False,0-20 km,0-10 km,0-20 km × 0-10 km,24,2.384619098020554,0.8708095984800449,0.7503394295116382,42.63
GUAMARE,2002,76.0,2007,204.9,73.38,2.6960526315789473,0.03656203288490284,0.35812591508052705,2.6960526315789473,Guamaré,2,early,15.522437717087048,5.10015585248345,False,0-20 km,0-10 km,0-20 km × 0-10 km,25,2.4996653340956914,0.8837768295867053,0.7765646983906384,73.39
GUAMARE,2003,74.0,1770,189.48,67.68,2.5605405405405404,0.038237288135593225,0.35718809373020904,2.5605405405405404,Guamaré,2,early,15.522437717087048,5.10015585248345,False,0-20 km,0-10 km,0-20 km × 0-10 km,27,2.5870490941252644,0.8740203836501818,0.7849445222274136,67.67
GUAMARE,2004,85.0,3070,215.33,149.06,2.533294117647059,0.04855374592833876,0.6922398179538383,2.533294117647059,Guamaré,2,early,15.522437717087048,5.10015585248345,False,0-20 km,0-10 km,0-20 km × 0-10 km,29,2.693898848057365,0.8993459239329198,0.8000184670641742,149.06000000000003
GUAMARE,2005,72.0,1687,184.08,82.16,2.556666666666666,0.048701837581505626,0.44632768361581915,2.556666666666666,Guamaré,2,early,15.522437717087048,5.10015585248345,False,0-20 km,0-10 km,0-20 km × 0-10 km,31,2.675524663860611,0.886170306736173,0.7791306445073809,82.19
GUAMARE,2006,50.0,1224,158.87,48.93,3.1774,0.039975490196078434,0.3079876628690124,3.1774,Guamaré,2,early,15.522437717087048,5.10015585248345,False,0-20 km,0-10 km,0-20 km × 0-10 km,29,2.56598365318141,0.8744988229819706,0.7620309538386228,48.919999999999995
GUAMARE,2007,51.0,1025,163.13,51.93,3.1986274509803923,0.05066341463414634,0.3183350701894195,3.1986274509803923,Guamaré,2,early,15.522437717087048,5.10015585248345,False,0-20 km,0-10 km,0-20 km × 0-10 km,32,2.623099975027488,0.87985129608836,0.7568666651456242,51.94
GUAMARE,2008,120.0,4544,299.8,462.76,2.4983333333333335,0.10183978873239437,1.543562374916611,2.4983333333333335,Guamaré,2,early,15.522437717087048,5.10015585248345,False,0-20 km,0-10 km,0-20 km × 0-10 km,37,2.548274034021034,0.8701793329120402,0.7057136428102762,462.78000000000003
GUAMARE,2009,134.0,4440,176.5,438.737,1.3171641791044777,0.09881463963963964,2.485762039660057,1.3171641791044777,Guamaré,2,middle,15.522437717087048,5.10015585248345,False,0-20 km,0-10 km,0-20 km × 0-10 km,38,2.5147056615108836,0.8714518139667161,0.6913116421412919,438.61659999999995
GUAMARE,2010,127.0,4796,168.5,364.437,1.3267716535433072,0.07598769808173478,2.162830860534125,1.3267716535433072,Guamaré,2,middle,15.522437717087048,5.10015585248345,False,0-20 km,0-10 km,0-20 km × 0-10 km,39,2.7599136364050496,0.8975173292842039,0.7533416666594783,364.44800000000004
GUAMARE,2011,139.0,4404,157.0,346.651,1.129496402877698,0.07871276112624886,2.207968152866242,1.129496402877698,Guamaré,2,middle,15.522437717087048,5.10015585248345,False,0-20 km,0-10 km,0-20 km × 0-10 km,49,2.9289947454735255,0.9129517789350902,0.7526027722542773,346.64799999999997
GUAMARE,2012,111.0,4293,137.0,183.8,1.2342342342342345,0.042813883065455395,1.3416058394160584,1.2342342342342345,Guamaré,2,middle,15.522437717087048,5.10015585248345,False,0-20 km,0-10 km,0-20 km × 0-10 km,40,2.6106160261745015,0.8668595897066838,0.7076989255539574,183.29999999999998
GUAMARE,2013,104.0,4401,127.25,195.0,1.2235576923076923,0.04430811179277437,1.5324165029469548,1.2235576923076923,Guamaré,2,middle,15.522437717087048,5.10015585248345,False,0-20 km,0-10 km,0-20 km × 0-10 km,36,2.7848760310568546,0.8803844606006577,0.7771344532803459,194.60000000000002
GUAMARE,2014,62.0,2535,141.0,102.38,2.274193548387097,0.04038658777120315,0.7260992907801418,2.274193548387097,Guamaré,2,middle,15.522437717087048,5.10015585248345,False,0-20 km,0-10 km,0-20 km × 0-10 km,36,2.789965671932962,0.9038829268292683,0.7785547446094886,102.5
GUAMARE,2015,64.0,2830,155.0,117.2,2.421875,0.041413427561837454,0.7561290322580645,2.421875,Guamaré,2,middle,15.522437717087048,5.10015585248345,False,0-20 km,0-10 km,0-20 km × 0-10 km,43,2.7765938755335005,0.8881064670615887,0.73822019305705,117.1
GUAMARE,2016,59.0,2482,140.0,228.4,2.3728813559322033,0.09202256244963739,1.6314285714285715,2.3728813559322033,Guamaré,2,recent,15.522437717087048,5.10015585248345,False,0-20 km,0-10 km,0-20 km × 0-10 km,40,2.8445338064145096,0.8958360888333113,0.7711105341873424,228.90000000000003
GUAMARE,2017,65.0,2266,137.0,230.0,2.107692307692308,0.10150044130626655,1.6788321167883211,2.107692307692308,Guamaré,2,recent,15.522437717087048,5.10015585248345,False,0-20 km,0-10 km,0-20 km × 0-10 km,35,2.734268542603513,0.8936056710775047,0.7690579080626125,230.0
GUAMARE,2018,65.0,2051,152.0,111.81,2.3384615384615386,0.05451487079473428,0.7355921052631579,2.3384615384615386,Guamaré,2,recent,15.522437717087048,5.10015585248345,False,0-20 km,0-10 km,0-20 km × 0-10 km,41,2.612124301598252,0.8758015819647365,0.703399383310323,111.70000000000002
GUAMARE,2019,60.0,8084,147.0,296.318,2.45,0.03665487382483919,2.015768707482993,2.45,Guamaré,2,recent,15.522437717087048,5.10015585248345,False,0-20 km,0-10 km,0-20 km × 0-10 km,51,2.7560414221089986,0.8682655593308197,0.700957183647883,296.37
GUAMARE,2020,57.0,3756,136.0,188.79,2.3859649122807016,0.050263578274760384,1.3881617647058824,2.3859649122807016,Guamaré,2,recent,15.522437717087048,5.10015585248345,False,0-20 km,0-10 km,0-20 km × 0-10 km,48,2.9203945945755883,0.9116924503304746,0.7543898098669602,188.77999999999997
GUAMARE,2021,52.0,3347,134.9,203.42719,2.5942307692307693,0.060778963250672245,1.507985100074129,2.5942307692307693,Guamaré,2,recent,15.522437717087048,5.10015585248345,False,0-20 km,0-10 km,0-20 km × 0-10 km,48,2.7759931749450444,0.8884892926601502,0.7170883576241902,203.44000000000003
GUAMARE,2022,71.6,4387,164.9,342.24,2.3030726256983245,0.07801230909505356,2.0754396604002427,2.3030726256983245,Guamaré,2,recent,15.522437717087048,5.10015585248345,False,0-20 km,0-10 km,0-20 km × 0-10 km,46,2.4759024313336386,0.7967803827985338,0.6466791153655883,342.13999999999993
GUAMARE,2023,57.0,4467,155.8,403.91,2.7333333333333334,0.09042086411461832,2.592490372272144,2.7333333333333334,Guamaré,2,recent,15.522437717087048,5.10015585248345,False,0-20 km,0-10 km,0-20 km × 0-10 km,48,2.412108345385732,0.8172196438681827,0.6230904410773631,403.89
GUAMARE,2024,56.5,3479,123.0,207.4,2.1769911504424777,0.059614831848232255,1.686178861788618,2.1769911504424777,Guamaré,2,recent,15.522437717087048,5.10015585248345,False,0-20 km,0-10 km,0-20 km × 0-10 km,46,2.4194518646152066,0.8489364819626999,0.6319348338117718,207.49
MACAU,2001,208.0,3574,516.8,224.49,2.484615384615384,0.06281197537772804,0.4343846749226007,2.484615384615384,Macau,6,early,8.702154449506585,4.519425209447317,True,0-20 km,0-10 km,0-20 km × 0-10 km,26,1.848491862513716,0.6775569280480007,0.5673533122613472,224.49
MACAU,2002,213.0,3481,565.79,252.67,2.6562910798122066,0.07258546394714162,0.4465791194612842,2.6562910798122066,Macau,6,early,8.702154449506585,4.519425209447317,True,0-20 km,0-10 km,0-20 km × 0-10 km,28,2.071867831857363,0.7561614297901966,0.6217709103780147,252.65000000000006
MACAU,2003,218.0,4319,553.71,377.68,2.539954128440367,0.08744616809446631,0.6820899026566253,2.539954128440367,Macau,6,early,8.702154449506585,4.519425209447317,True,0-20 km,0-10 km,0-20 km × 0-10 km,29,1.852950895556729,0.6829263150701766,0.5502786179508832,377.68
MACAU,2004,235.0,6039,666.29,688.09,2.8352765957446806,0.1139410498426892,1.0327184859445588,2.8352765957446806,Macau,6,early,8.702154449506585,4.519425209447317,True,0-20 km,0-10 km,0-20 km × 0-10 km,29,1.696818809376449,0.6335993159269693,0.50391141588034,688.1
MACAU,2005,254.0,5826,553.88,390.76,2.1806299212598423,0.06707174733951253,0.7054957752581786,2.1806299212598423,Macau,6,early,8.702154449506585,4.519425209447317,True,0-20 km,0-10 km,0-20 km × 0-10 km,34,2.3855253444649223,0.8423452095609681,0.6764836799336003,390.7900000000001
MACAU,2006,199.0,3454,504.59,216.66,2.5356281407035173,0.06272727272727273,0.42937830714045067,2.5356281407035173,Macau,6,early,8.702154449506585,4.519425209447317,True,0-20 km,0-10 km,0-20 km × 0-10 km,33,2.5331876669435234,0.8539902294477737,0.724490830467723,216.68
MACAU,2007,247.0,4853,617.58,369.66,2.500323886639676,0.07617144034617762,0.5985621296026425,2.500323886639676,Macau,6,early,8.702154449506585,4.519425209447317,True,0-20 km,0-10 km,0-20 km × 0-10 km,35,2.3327637137377253,0.8087321411097798,0.656128084618663,369.67
MACAU,2008,307.0,11470,765.92,969.82,2.49485342019544,0.08455274629468178,1.2662157927720912,2.49485342019544,Macau,6,early,8.702154449506585,4.519425209447317,True,0-20 km,0-10 km,0-20 km × 0-10 km,37,2.531335561533827,0.8539234908678043,0.7010227379221051,969.8
MACAU,2009,295.0,13518,685.0,2406.311,2.3220338983050848,0.17800791537209648,3.512862773722628,2.3220338983050848,Macau,6,middle,8.702154449506585,4.519425209447317,True,0-20 km,0-10 km,0-20 km × 0-10 km,38,1.9785299001010799,0.6953745978422134,0.5439128623278856,2406.3902
MACAU,2010,432.0,18778,723.0,2081.226,1.6736111111111112,0.11083320907444882,2.878597510373444,1.6736111111111112,Macau,6,middle,8.702154449506585,4.519425209447317,True,0-20 km,0-10 km,0-20 km × 0-10 km,37,1.966509935520951,0.7147690207431001,0.5446011189107601,2081.1380000000004
MACAU,2011,248.0,15919,584.0,1752.678,2.3548387096774195,0.1100997550097368,3.00116095890411,2.3548387096774195,Macau,6,middle,8.702154449506585,4.519425209447317,True,0-20 km,0-10 km,0-20 km × 0-10 km,48,2.3455982786988923,0.8267991346653575,0.6059097091806122,1752.674
MACAU,2012,366.0,15622,482.5,1086.1,1.3183060109289615,0.06952374855972346,2.250984455958549,1.3183060109289615,Macau,6,middle,8.702154449506585,4.519425209447317,True,0-20 km,0-10 km,0-20 km × 0-10 km,46,2.8383234624788622,0.9047568152945528,0.7413395950536488,1085.3000000000002
MACAU,2013,340.0,16881,509.25,1470.3,1.4977941176470588,0.08709792073929269,2.8871870397643593,1.4977941176470588,Macau,6,middle,8.702154449506585,4.519425209447317,True,0-20 km,0-10 km,0-20 km × 0-10 km,41,2.6413631585904525,0.8807608911220095,0.7112728960541188,1470.2999999999997
MACAU,2014,170.0,7897,507.0,818.85,2.9823529411764707,0.10369127516778524,1.6150887573964499,2.9823529411764707,Macau,6,middle,8.702154449506585,4.519425209447317,True,0-20 km,0-10 km,0-20 km × 0-10 km,39,2.7664589329765312,0.9041446883865508,0.755128260472741,818.7
MACAU,2015,182.0,9924,535.0,752.9,2.93956043956044,0.07586658605401048,1.4072897196261682,2.93956043956044,Macau,6,middle,8.702154449506585,4.519425209447317,True,0-20 km,0-10 km,0-20 km × 0-10 km,45,2.583258934389629,0.854620257238721,0.6786151757166928,752.8
MACAU,2016,199.0,10102,521.0,1466.0,2.6180904522613067,0.14511977826173034,2.8138195777351247,2.6180904522613067,Macau,6,recent,8.702154449506585,4.519425209447317,True,0-20 km,0-10 km,0-20 km × 0-10 km,43,2.8450556190799334,0.9133349109579033,0.7564222938335488,1466.6999999999998
MACAU,2017,208.0,9162,481.0,1533.0,2.3125,0.1673215455140799,3.187110187110187,2.3125,Macau,6,recent,8.702154449506585,4.519425209447317,True,0-20 km,0-10 km,0-20 km × 0-10 km,37,2.6721541601979566,0.8984469914283114,0.7400207439889365,1532.5999999999997
MACAU,2018,213.0,8221,558.0,595.3,2.619718309859155,0.07241211531443863,1.0668458781362007,2.619718309859155,Macau,6,recent,8.702154449506585,4.519425209447317,True,0-20 km,0-10 km,0-20 km × 0-10 km,46,2.57694217787822,0.864842954230184,0.6730696116490051,594.5999999999999
MACAU,2019,231.0,23069,661.0,1643.916,2.8614718614718613,0.07126082621700117,2.4870136157337366,2.8614718614718613,Macau,6,recent,8.702154449506585,4.519425209447317,True,0-20 km,0-10 km,0-20 km × 0-10 km,53,2.708129833187343,0.8735995264451172,0.6820984179887283,1643.8899999999999
MACAU,2020,220.0,18086,597.0,1370.75,2.713636363636364,0.07579066681411036,2.29606365159129,2.713636363636364,Macau,6,recent,8.702154449506585,4.519425209447317,True,0-20 km,0-10 km,0-20 km × 0-10 km,52,2.6994703242654885,0.8762050286114735,0.6831950941347273,1370.7499999999998
MACAU,2021,211.0,18623,615.1,1308.62037,2.9151658767772513,0.07026904204478333,2.127492066330678,2.9151658767772513,Macau,6,recent,8.702154449506585,4.519425209447317,True,0-20 km,0-10 km,0-20 km × 0-10 km,53,2.7923505854262762,0.9081098843994513,0.7033111534935045,1308.61
MACAU,2022,284.0,18228,684.1,1358.49,2.4088028169014084,0.07452764976958526,1.9858061686887882,2.4088028169014084,Macau,6,recent,8.702154449506585,4.519425209447317,True,0-20 km,0-10 km,0-20 km × 0-10 km,51,2.786256161474728,0.901122840902726,0.7086418426811458,1358.4099999999999
MACAU,2023,220.0,18509,639.8,1359.32,2.9081818181818178,0.07344102868874601,2.124601437949359,2.9081818181818178,Macau,6,recent,8.702154449506585,4.519425209447317,True,0-20 km,0-10 km,0-20 km × 0-10 km,53,2.8060992991297558,0.8937410931266414,0.7067740509335013,1359.35
MACAU,2024,210.1,15049,529.0,997.1,2.517848643503094,0.06625689414579042,1.8848771266540643,2.517848643503094,Macau,6,recent,8.702154449506585,4.519425209447317,True,0-20 km,0-10 km,0-20 km × 0-10 km,49,2.8596896832507896,0.9142616015251185,0.7347948939572292,997.22
PORTO DO MANGUE,2001,61.0,4841,151.65,96.6,2.486065573770492,0.019954554844040486,0.6369930761622156,2.486065573770492,Porto do Mangue,3,early,24.802382721308863,0.7506532327997194,True,20-50 km,inside,20-50 km × inside,25,2.712443222257789,0.9129988978080348,0.842667865999103,96.61000000000001
PORTO DO MANGUE,2002,66.0,3021,171.04,65.83,2.5915151515151513,0.021790797749089704,0.38488072965388215,2.5915151515151513,Porto do Mangue,3,early,24.802382721308863,0.7506532327997194,True,20-50 km,inside,20-50 km × inside,12,2.241419314521113,0.8804748876848932,0.902013487996557,65.83
PORTO DO MANGUE,2003,53.0,1833,151.89,46.08,2.8658490566037735,0.02513911620294599,0.3033774442030417,2.8658490566037735,Porto do Mangue,3,early,24.802382721308863,0.7506532327997194,True,20-50 km,inside,20-50 km × inside,16,2.2142328891768708,0.8687387832777189,0.7986157021471784,46.06999999999999
PORTO DO MANGUE,2004,50.0,2616,127.54,69.85,2.5508,0.026701070336391436,0.5476713188019444,2.5508,Porto do Mangue,3,early,24.802382721308863,0.7506532327997194,True,20-50 km,inside,20-50 km × inside,20,2.149627015118042,0.8022400489287247,0.7175631260826353,69.84
PORTO DO MANGUE,2005,89.0,4660,218.09,139.68,2.4504494382022473,0.02997424892703863,0.6404695309275987,2.4504494382022473,Porto do Mangue,3,early,24.802382721308863,0.7506532327997194,True,20-50 km,inside,20-50 km × inside,31,2.8785469047572323,0.9211874871308903,0.8382520764776145,139.69000000000003
PORTO DO MANGUE,2006,44.0,2664,105.2,85.16,2.390909090909091,0.031966966966966964,0.8095057034220532,2.390909090909091,Porto do Mangue,3,early,24.802382721308863,0.7506532327997194,True,20-50 km,inside,20-50 km × inside,28,2.763508039802807,0.9179969249715563,0.8293332631188068,85.16
PORTO DO MANGUE,2007,75.0,1926,200.31,44.82,2.6708,0.02327102803738318,0.22375318256702112,2.6708,Porto do Mangue,3,early,24.802382721308863,0.7506532327997194,True,20-50 km,inside,20-50 km × inside,31,3.054913326043919,0.9438585390826136,0.8896111558173201,44.769999999999996
PORTO DO MANGUE,2008,119.0,9864,372.87,351.49,3.133361344537815,0.035633617193836176,0.942660981038968,3.133361344537815,Porto do Mangue,3,early,24.802382721308863,0.7506532327997194,True,20-50 km,inside,20-50 km × inside,32,1.8877115302136183,0.645465783626687,0.5446784126536207,351.46000000000004
PORTO DO MANGUE,2009,152.0,7982,350.5,570.5830000000001,2.3059210526315788,0.07148371335504887,1.6279115549215408,2.3059210526315788,Porto do Mangue,3,middle,24.802382721308863,0.7506532327997194,True,20-50 km,inside,20-50 km × inside,37,2.3047009578954762,0.795973357407425,0.6382590282169489,570.7531999999999
PORTO DO MANGUE,2010,163.0,7630,328.0,452.342,2.0122699386503067,0.05928466579292267,1.379091463414634,2.0122699386503067,Porto do Mangue,3,middle,24.802382721308863,0.7506532327997194,True,20-50 km,inside,20-50 km × inside,38,2.8978965125217235,0.9279996946959939,0.7966537108057667,452.3439999999999
PORTO DO MANGUE,2011,147.0,7627,291.5,579.2239999999999,1.9829931972789117,0.07594388357152221,1.9870463121783875,1.9829931972789117,Porto do Mangue,3,middle,24.802382721308863,0.7506532327997194,True,20-50 km,inside,20-50 km × inside,50,2.9725115524791494,0.9251186553253782,0.7598399979638737,579.2229999999998
PORTO DO MANGUE,2012,209.0,10340,276.0,559.0,1.3205741626794258,0.054061895551257254,2.0253623188405796,1.3205741626794258,Porto do Mangue,3,middle,24.802382721308863,0.7506532327997194,True,20-50 km,inside,20-50 km × inside,46,2.9413136439810588,0.9168473221590854,0.768239523993622,558.7
PORTO DO MANGUE,2013,190.0,10207,298.0,663.5,1.568421052631579,0.06500440873910061,2.226510067114094,1.568421052631579,Porto do Mangue,3,middle,24.802382721308863,0.7506532327997194,True,20-50 km,inside,20-50 km × inside,41,2.964969565755223,0.9321354723591087,0.7984144410011548,663.5999999999999
PORTO DO MANGUE,2014,95.0,4468,266.0,257.51,2.8,0.057634288272157566,0.9680827067669172,2.8,Porto do Mangue,3,middle,24.802382721308863,0.7506532327997194,True,20-50 km,inside,20-50 km × inside,36,3.0226234955732254,0.9398299556979923,0.843479146471447,257.5
PORTO DO MANGUE,2015,126.0,6281,285.0,218.2,2.261904761904762,0.03473969113198535,0.7656140350877193,2.261904761904762,Porto do Mangue,3,middle,24.802382721308863,0.7506532327997194,True,20-50 km,inside,20-50 km × inside,44,3.134942176994683,0.942466526811736,0.8284315745954496,218.2
PORTO DO MANGUE,2016,122.0,5701,272.0,527.6,2.2295081967213113,0.09254516751447114,1.9397058823529412,2.2295081967213113,Porto do Mangue,3,recent,24.802382721308863,0.7506532327997194,True,20-50 km,inside,20-50 km × inside,42,3.1338856634049588,0.9461945893215599,0.8384597846944764,528.1
PORTO DO MANGUE,2017,116.0,4348,244.0,529.0,2.103448275862069,0.12166513339466421,2.168032786885246,2.103448275862069,Porto do Mangue,3,recent,24.802382721308863,0.7506532327997194,True,20-50 km,inside,20-50 km × inside,36,3.0692807988246025,0.9432875096930042,0.8564991148468558,528.9999999999999
PORTO DO MANGUE,2018,111.0,2996,279.0,150.24,2.5135135135135136,0.050146862483311086,0.538494623655914,2.5135135135135136,Porto do Mangue,3,recent,24.802382721308863,0.7506532327997194,True,20-50 km,inside,20-50 km × inside,42,3.0854795353773534,0.9385932843377078,0.8255089000601524,149.4
PORTO DO MANGUE,2019,111.0,7740,295.0,398.551,2.6576576576576576,0.05149237726098191,1.3510203389830509,2.6576576576576576,Porto do Mangue,3,recent,24.802382721308863,0.7506532327997194,True,20-50 km,inside,20-50 km × inside,49,3.1897290590520817,0.948113400331645,0.8195982380277448,398.53999999999996
PORTO DO MANGUE,2020,101.0,6156,290.0,321.68,2.871287128712871,0.05225471085120208,1.1092413793103448,2.871287128712871,Porto do Mangue,3,recent,24.802382721308863,0.7506532327997194,True,20-50 km,inside,20-50 km × inside,48,3.0646053567500426,0.9365056516927474,0.7916420119014481,321.69
PORTO DO MANGUE,2021,111.0,7032,300.2,354.64167,2.7045045045045044,0.05043254692832764,1.1813513324450367,2.7045045045045044,Porto do Mangue,3,recent,24.802382721308863,0.7506532327997194,True,20-50 km,inside,20-50 km × inside,52,3.0599834697098687,0.9326985174634859,0.7744355164222726,354.64000000000004
PORTO DO MANGUE,2022,117.9,6901,278.3,649.24,2.3604749787955894,0.09407911896826547,2.332878189004671,2.3604749787955894,Porto do Mangue,3,recent,24.802382721308863,0.7506532327997194,True,20-50 km,inside,20-50 km × inside,48,2.565723182182753,0.8355716217584177,0.6627718826672419,649.2700000000001
PORTO DO MANGUE,2023,101.0,6850,273.7,546.13,2.7099009900990096,0.07972700729927007,1.9953598830836683,2.7099009900990096,Porto do Mangue,3,recent,24.802382721308863,0.7506532327997194,True,20-50 km,inside,20-50 km × inside,49,2.6334083567103836,0.8712199701292626,0.6766520946480576,546.14
PORTO DO MANGUE,2024,106.0,4918,246.0,393.6,2.320754716981132,0.08003253355022368,1.6,2.320754716981132,Porto do Mangue,3,recent,24.802382721308863,0.7506532327997194,True,20-50 km,inside,20-50 km × inside,51,2.7153547138231104,0.8934297752083451,0.6906091387225802,393.6699999999999
TIBAU,2008,2.0,4,6.0,2.56,3.0,,0.4266666666666667,3.0,Tibau,2,early,56.56427207932279,36.29820474674128,False,20-50 km,25-50 km,20-50 km × 25-50 km,2,0.18920898053816695,0.08935546875,0.2729708579140699,2.56
TIBAU,2009,19.0,513,85.0,36.267,4.473684210526316,0.07069590643274855,0.42667058823529413,4.473684210526316,Tibau,2,middle,56.56427207932279,36.29820474674128,False,20-50 km,25-50 km,20-50 km × 25-50 km,31,1.9375525171325054,0.6756020612247774,0.5642282285157788,36.2574
TIBAU,2010,40.0,1360,71.0,39.521,1.775,0.029059558823529414,0.5566338028169014,1.775,Tibau,2,middle,56.56427207932279,36.29820474674128,False,20-50 km,25-50 km,20-50 km × 25-50 km,34,2.6594863336967385,0.8793888301554618,0.7541731241408504,39.523999999999994
TIBAU,2011,85.0,1100,55.5,42.845,0.6529411764705882,0.03895,0.771981981981982,0.6529411764705882,Tibau,2,middle,56.56427207932279,36.29820474674128,False,20-50 km,25-50 km,20-50 km × 25-50 km,41,2.472679120639827,0.8299402109076676,0.6658492352443455,42.853
TIBAU,2012,18.0,885,34.5,35.8,1.9166666666666667,0.04045197740112994,1.0376811594202897,1.9166666666666667,Tibau,2,middle,56.56427207932279,36.29820474674128,False,20-50 km,25-50 km,20-50 km × 25-50 km,25,2.0392762553897685,0.7150624955864698,0.6335367893457861,35.699999999999996
TIBAU,2013,14.0,761,26.5,41.4,1.8928571428571428,0.054402102496714844,1.562264150943396,1.8928571428571428,Tibau,2,middle,56.56427207932279,36.29820474674128,False,20-50 km,25-50 km,20-50 km × 25-50 km,25,1.6065563359469464,0.5703967309417304,0.49910478793096286,41.300000000000004
TIBAU,2014,5.0,367,23.0,12.37,4.6,0.033705722070844685,0.5378260869565217,4.6,Tibau,2,middle,56.56427207932279,36.29820474674128,False,20-50 km,25-50 km,20-50 km × 25-50 km,23,2.1011158310091864,0.7250260145681582,0.6701067475535294,12.399999999999999
TIBAU,2015,9.0,362,37.0,16.7,4.111111111111111,0.04613259668508287,0.45135135135135135,4.111111111111111,Tibau,2,middle,56.56427207932279,36.29820474674128,False,20-50 km,25-50 km,20-50 km × 25-50 km,24,1.7604109213490038,0.6028900283265803,0.5539273452634587,16.700000000000003
TIBAU,2016,6.0,482,31.0,35.2,5.166666666666667,0.07302904564315353,1.135483870967742,5.166666666666667,Tibau,2,recent,56.56427207932279,36.29820474674128,False,20-50 km,25-50 km,20-50 km × 25-50 km,31,1.978158647588583,0.6652462574611384,0.5760530048000473,35.400000000000006
TIBAU,2017,14.0,482,31.0,33.0,2.2142857142857144,0.06846473029045644,1.064516129032258,2.2142857142857144,Tibau,2,recent,56.56427207932279,36.29820474674128,False,20-50 km,25-50 km,20-50 km × 25-50 km,22,1.8646049437609862,0.6636547291092748,0.6032285133240904,33.00000000000001
TIBAU,2018,12.0,483,50.0,34.15,4.166666666666667,0.070703933747412,0.6829999999999999,4.166666666666667,Tibau,2,recent,56.56427207932279,36.29820474674128,False,20-50 km,25-50 km,20-50 km × 25-50 km,18,1.300692251488552,0.4919031334568965,0.4500086357179521,33.9
TIBAU,2019,7.0,2295,36.0,33.977,5.142857142857143,0.014804793028322438,0.9438055555555555,5.142857142857143,Tibau,2,recent,56.56427207932279,36.29820474674128,False,20-50 km,25-50 km,20-50 km × 25-50 km,29,1.49129963368708,0.5468726940723038,0.4428775221965188,33.93
TIBAU,2020,6.0,651,33.0,17.84,5.5,0.027403993855606757,0.5406060606060606,5.5,Tibau,2,recent,56.56427207932279,36.29820474674128,False,20-50 km,25-50 km,20-50 km × 25-50 km,37,2.4894323923247406,0.8549651759822854,0.6894181625141859,17.890000000000004
TIBAU,2021,7.0,671,30.8,12.84931,4.4,0.019149493293591655,0.4171853896103896,4.4,Tibau,2,recent,56.56427207932279,36.29820474674128,False,20-50 km,25-50 km,20-50 km × 25-50 km,33,2.517965853574433,0.8798837132892492,0.7201373969053755,12.82
TIBAU,2022,12.9,659,26.4,16.07,2.0465116279069764,0.024385432473444612,0.6087121212121213,2.0465116279069764,Tibau,2,recent,56.56427207932279,36.29820474674128,False,20-50 km,25-50 km,20-50 km × 25-50 km,20,2.314019908197371,0.8632372129742905,0.7724388219285466,15.98
TIBAU,2023,6.0,671,25.6,23.15,4.266666666666667,0.03450074515648286,0.9042968749999999,4.266666666666667,Tibau,2,recent,56.56427207932279,36.29820474674128,False,20-50 km,25-50 km,20-50 km × 25-50 km,30,2.3464407618863063,0.8647498336008916,0.6898866777145428,23.14
TIBAU,2024,5.5,667,27.0,17.2,4.909090909090909,0.02578710644677661,0.637037037037037,4.909090909090909,Tibau,2,recent,56.56427207932279,36.29820474674128,False,20-50 km,25-50 km,20-50 km × 25-50 km,27,2.4103506421275274,0.8668824788191108,0.7313319014632205,17.12
