local,year,Agulha,Agulhao,Albacora,Albacorinha,Arabaiana,Ariaco,Arraia,Bagre,Beijupira,Bicuda,Biquara,Bonito,Budiao,Buzios,Caico,Camarao,Camurim,Camurupim,Cangulo,Caranguejo,Carapeba,Carauna,Cavala,Caçao,Cioba,Cururuca,Dentao,Dourado,Espada,Galo Do Alto,Garabebeu,Garajuba,Garoupa,Guaiuba,Lagosta,Marisco,Outros,Ova Voador,Pampo,Pargo,Paru,Peixe Galo,Peixe Voador,Pescada,Pirauna,Polvo,Salema,Saramunete,Sardinha,Serra,Siri,Sirigado,Tainha,Tilapia,Ubarana,Xareu
AREIA BRANCA,2003,0.0,0.0,0.0,0.0,0.0,0.0,0.0,0.0,0.0,0.0,0.0,0.0,0.0,0.0,0.0,0.0,0.0,0.0,0.0,0.0,0.0,0.0,0.0,0.0,0.0,0.0,0.0,0.0,0.0,0.0,0.0,0.0,0.0,0.0,18.8,0.0,0.0,0.0,0.0,0.0,0.0,0.0,0.0,0.0,0.0,0.0,0.0,0.0,0.0,0.0,0.0,0.0,0.0,0.0,0.0,0.0
AREIA BRANCA,2005,0.1,0.66,0.13,0.0,0.78,2.41,4.04,0.29,0.0,0.0,0.61,0.29,0.0,0.0,0.43,0.39,0.04,0.16,0.22,0.0,0.0,0.0,1.04,2.41,3.52,0.06,1.36,0.68,0.0,0.0,0.0,6.4,0.04,1.84,83.53999999999999,0.0,0.79,0.0,0.0,0.91,0.0,0.0,0.0,1.04,0.0,0.0,0.0,0.0,0.14,1.07,0.0,1.08,0.1,0.0,0.0,0.6000000000000001
AREIA BRANCA,2006,0.97,0.08,0.0,0.0,0.1,1.96,0.53,0.29,0.0,0.0,0.38,0.05,0.0,0.0,0.38,2.03,0.06,0.0,0.06,0.0,0.0,0.0,1.25,0.98,5.02,0.01,1.95,0.62,0.0,0.0,0.0,1.05,0.0,0.72,10.89,0.0,5.15,0.0,0.0,0.0,0.0,0.0,0.0,0.3,0.0,0.0,0.0,0.0,0.0,0.38,0.0,2.51,0.0,0.0,0.0,0.3
AREIA BRANCA,2007,18.62,0.0,0.0,0.0,0.0,3.86,0.28,0.02,0.0,0.0,0.0,0.0,0.0,0.0,0.68,0.0,0.02,0.0,0.0,0.0,0.0,0.0,0.92,0.89,3.11,0.0,0.28,0.68,0.0,0.0,0.0,2.91,3.58,1.77,16.74,0.0,0.0,0.0,0.0,0.0,0.0,0.0,0.0,0.0,0.0,0.0,0.43,0.0,0.0,0.51,0.0,0.56,0.0,0.0,0.0,0.04
AREIA BRANCA,2008,53.29,0.43,0.84,0.0,2.06,15.95,2.21,1.89,0.0,0.0,0.3,2.06,0.09,0.0,2.95,94.42,0.19,0.83,0.0,0.09,0.28,0.0,6.0,6.86,17.48,1.23,2.1,2.01,0.0,0.0,0.0,7.87,2.15,3.68,116.83,0.0,1.46,0.0,0.0,1.43,0.0,0.0,0.0,0.87,0.0,0.0,2.73,0.0,0.0,6.76,0.0,19.17,0.02,0.0,0.0,0.5700000000000001
AREIA BRANCA,2009,0.8248,2.7233,295.8456,2.4862,0.7078,62.1172,5.144,3.7408,0.0,0.0,5.637099999999999,5.9487,0.1636,0.0,23.5854,122.708,4.4671,0.1416,0.0209,0.0,4.9691,0.0,14.0122,15.3729,32.2527,15.0659,1.6801,4.7082,0.0,0.0,0.0,38.2889,1.2509,11.6065,76.1594,0.0,7.694699999999999,0.0,0.0,0.7988,0.0,0.0,0.02,12.9518,0.0,0.0001,17.1791,0.0,0.3176,22.7326,0.0,18.3837,7.411300000000001,0.0,0.0,2.6024
AREIA BRANCA,2010,5.514,4.834,256.01,0.647,1.621,34.119,7.334,7.043,0.0,0.0,4.920999999999999,7.086,0.146,0.0,57.981,11.419,3.877,1.951,0.096,0.0,2.864,0.0,18.679,16.47,19.297,28.441,2.208,6.002,0.0,0.0,0.0,20.076,1.046,12.628,85.34899999999999,0.0,10.45,0.0,0.0,0.888,0.0,0.0,0.0,8.02,0.0,0.0,7.878,0.0,0.211,43.806,0.0,6.638,5.261,0.0,0.0,3.422
AREIA BRANCA,2011,9.581,1.367,127.828,0.0,3.217,54.133,7.479,8.413,1.999,0.895,16.231,10.751,0.217,0.009,21.809,7.577,5.09,4.807,0.408,0.0,3.891,0.033,8.115,13.395,23.859,35.832,2.616,4.64,2.742,0.0,0.006,20.065,2.749,11.41,109.562,0.0,119.883,0.0,1.072,3.034,6.191,0.519,0.0,6.423999999999999,0.01,0.084,2.523,0.001,0.185,29.689,0.256,6.236,6.313,0.0,0.0,5.195
AREIA BRANCA,2012,9.3,2.6,453.8,0.0,7.6,49.5,7.1,8.9,1.7,2.1,18.2,11.1,0.3,0.0,26.5,0.8,5.1,1.2,1.6,0.0,2.3,0.0,18.7,10.7,26.3,27.6,8.700000000000001,9.4,2.8,0.0,0.1,21.1,1.7,13.3,142.1,0.0,9.8,0.0,0.3,5.2,7.199999999999999,2.0,0.0,9.1,0.0,0.0,1.5,0.0,0.6,27.5,0.0,14.6,4.1,0.0,0.0,10.4
AREIA BRANCA,2013,10.2,0.0,950.7,0.0,3.7,63.90000000000001,10.8,5.4,0.0,0.0,11.0,10.8,0.0,0.0,14.3,0.9,4.9,2.7,0.0,0.0,3.1,0.0,10.2,9.2,40.6,17.7,14.6,8.7,12.9,1.5,0.0,23.8,0.4,8.9,113.3,0.0,24.8,0.0,0.0,1.1,4.1,0.0,0.0,9.9,0.0,0.0,1.7,0.0,0.1,41.09999999999999,0.1,14.7,3.0,0.0,0.0,0.0
AREIA BRANCA,2014,4.5,0.0,1126.9,0.0,1.4,17.0,2.6,3.6,0.0,0.0,3.5,17.7,0.0,0.0,7.5,0.1,2.3,2.5,0.0,0.0,2.6,0.0,5.4,5.3,16.3,8.7,1.4,8.1,0.1,0.0,0.0,12.2,0.1,6.5,29.9,0.0,12.0,0.0,0.0,1.2,1.4,0.7,0.0,3.2,0.0,0.0,1.3,0.0,0.1,18.7,0.0,3.0,1.1,0.0,0.0,0.0
AREIA BRANCA,2015,12.1,1.3,1893.1,0.0,1.7,11.1,6.2,1.5,0.2,0.3,0.6,37.8,0.1,0.0,2.2,0.0,0.8,1.9,0.6,0.0,1.3,0.1,5.8,2.6,11.8,4.7,1.9,24.0,0.1,0.0,0.0,13.2,0.5,10.9,44.5,0.0,16.8,0.0,0.0,0.9,3.3,1.6,0.0,6.1,0.0,0.1,1.2,0.0,0.1,4.6,0.1,1.9,1.6,0.0,0.5,0.2
AREIA BRANCA,2016,9.5,0.0,2608.6,0.0,3.7,33.4,7.2,4.8,0.0,0.0,6.1,45.2,0.0,0.0,12.0,0.4,3.0,1.7,0.0,0.0,3.7,0.0,10.1,7.6,32.0,13.3,3.2,28.6,2.2,0.0,0.1,27.5,0.7,14.7,98.4,0.0,31.9,0.0,0.0,2.9,3.3,2.1,0.0,11.7,0.0,0.1,2.4,0.0,0.2,26.4,0.1,6.2,5.2,0.0,0.0,0.0
AREIA BRANCA,2017,4.7,0.0,2533.0,0.0,3.2,32.0,0.0,9.4,0.0,0.0,4.4,47.6,0.0,0.0,6.5,0.3,3.2,3.3,0.0,0.0,3.3,0.0,10.4,8.3,0.0,14.5,7.0,22.0,0.0,0.0,0.0,33.7,0.4,10.1,77.5,0.1,41.8,0.0,0.0,3.1,3.7,2.1,26.7,0.0,0.0,0.1,1.9,0.0,12.2,58.6,0.1,8.3,12.2,0.0,0.0,0.0
AREIA BRANCA,2018,0.3,0.8,1890.7,0.0,0.5,4.4,4.8,0.9,0.2,1.0,0.3,247.3,0.5,0.0,4.4,0.0,0.3,1.5,1.3,0.0,0.1,0.0,6.5,1.2,6.3,1.0,0.4,18.4,0.0,0.0,0.0,7.8,0.0,3.4,14.8,0.0,42.8,0.0,0.1,0.4,0.1,0.9,0.0,7.3,0.0,0.0,0.2,0.0,0.1,9.6,0.0,2.2,0.3,0.0,0.1,0.3
AREIA BRANCA,2019,10.65,10.8,3572.65,0.0,21.2,25.4,14.89,3.08,0.57,4.16,5.52,142.5,2.54,0.0,6.57,0.0,1.71,2.05,1.29,0.0,1.58,0.86,15.39,3.56,24.31,9.16,1.26,25.63,1.78,0.0,0.05,14.21,0.04,10.95,17.7,0.02,64.22,0.01,0.61,2.01,2.14,4.74,0.0,10.82,0.11,0.12,4.55,0.33,0.29,14.21,0.21,6.36,1.17,0.0,0.09,1.23
AREIA BRANCA,2020,9.53,0.07,3044.08,0.0,1.73,24.65,13.83,1.32,0.41,2.68,4.02,64.65,1.51,0.0,4.36,0.0,0.91,0.98,0.27,0.05,0.88,0.75,11.71,3.64,20.98,4.8,0.9,12.49,0.67,0.0,0.04,18.42,0.14,9.32,25.17,0.01,52.61,0.91,0.75,1.99,0.22,5.64,0.0,2.66,0.02,0.14,4.32,0.0,0.05,3.22,0.08,4.38,0.84,0.0,0.04,2.07
AREIA BRANCA,2021,6.89,0.0,3501.67,0.0,1.25,31.47,12.06,0.84,0.13,1.42,13.2,255.05,17.45,0.0,7.85,0.02,0.7,0.48,0.3,0.0,1.15,4.54,9.87,3.2,24.16,2.1,0.75,14.68,0.03,0.0,0.09,7.18,0.09,35.42,21.98,0.08,88.2,0.47,0.46,0.78,0.57,4.9,0.0,2.24,0.23,0.06,1.44,0.57,0.11,2.31,0.01,1.02,0.62,0.0,0.03,1.64
AREIA BRANCA,2022,7.47,0.0,3220.47,0.0,1.18,25.77,8.03,0.63,0.17,0.96,14.63,254.65,18.29,0.13,14.94,0.0,1.0,1.0,0.13,0.1,1.7,3.55,10.8,1.9,23.7,3.3,0.9,12.5,0.5,0.0,0.0,9.3,0.1,23.8,18.3,0.0,90.22,0.35,0.91,1.8,2.4,4.11,0.0,2.93,0.0,0.3,4.27,0.91,0.53,1.7,0.12,1.39,0.94,0.01,0.36,1.76
AREIA BRANCA,2023,35.29,0.03,3284.65,0.0,54.6,14.88,6.98,0.79,0.08,1.49,2.11,144.38,1.89,0.34,4.7,0.02,0.84,3.05,0.11,0.02,1.9,0.11,10.41,2.11,16.93,2.25,1.58,13.0,0.7,0.0,0.11,12.48,0.17,14.49,21.08,0.01,71.15,0.0,1.3,0.78,0.38,3.92,0.03,2.2,0.02,0.07,3.27,0.02,0.76,3.37,0.19,2.18,1.05,0.02,0.12,2.66
AREIA BRANCA,2024,8.46,0.04,2595.15,0.0,3.03,16.18,4.06,1.1,0.01,0.83,0.43,114.49,0.28,0.01,4.87,0.0,2.1,0.8,0.0,0.0,1.0,0.0,11.5,1.9,13.9,3.0,0.4,4.5,0.1,0.0,0.0,7.3,0.0,15.6,10.6,0.0,60.07,1.38,0.1,0.8,0.2,2.23,0.01,2.25,0.0,0.04,1.63,0.01,0.16,3.34,0.08,2.26,0.66,0.0,0.02,0.31
CAICARA DO NORTE,2001,25.92,4.65,4.97,0.0,1.82,1.88,0.33,0.21,0.0,0.0,1.78,0.0,0.0,0.0,11.3,0.39,0.0,0.0,0.0,0.01,0.0,0.0,4.64,3.29,7.01,0.0,0.76,23.14,0.0,0.0,0.0,2.36,0.04,4.63,24.24,0.0,30.74,0.0,0.0,4.79,0.0,0.0,23.54,2.54,0.0,1.99,0.0,0.0,0.22,13.04,0.0,2.08,0.0,0.0,0.0,0.39
CAICARA DO NORTE,2002,19.13,2.9,16.73,0.0,1.98,1.17,0.08,0.01,0.0,0.0,2.63,0.0,0.0,0.0,4.06,1.38,0.0,0.0,0.0,0.0,0.0,0.0,3.72,1.58,4.26,0.0,0.5,37.86,0.0,0.0,0.0,4.03,0.06,4.43,28.41,0.0,42.39,0.0,0.0,2.96,0.0,0.0,95.64,1.96,0.0,2.04,0.0,0.0,0.07,13.33,0.0,11.27,0.17,0.0,0.0,0.86
CAICARA DO NORTE,2003,13.93,3.77,27.5,0.0,1.77,4.33,0.22,0.1,0.0,0.0,2.52,2.18,0.0,0.0,18.97,1.88,0.0,0.0,0.0,0.0,0.0,0.0,5.34,4.32,8.11,0.0,0.58,23.43,0.0,0.0,0.0,6.31,0.04,3.05,21.35,0.0,38.41,0.0,0.0,5.49,0.0,0.0,112.22,0.59,0.0,7.21,0.0,0.0,0.7,14.26,0.0,3.9,0.08,0.0,0.0,0.06
CAICARA DO NORTE,2004,29.15,3.46,24.27,0.0,2.5,3.06,0.2,0.24,0.0,0.0,1.85,4.51,0.0,0.0,16.3,1.67,0.0,0.0,0.0,0.01,0.0,0.0,3.96,4.02,8.29,0.0,0.51,32.27,0.0,0.0,0.0,2.19,0.01,3.6,30.66,0.0,21.89,0.0,0.0,9.69,0.0,0.0,189.37,2.07,0.0,8.21,0.0,0.0,1.19,11.51,0.0,4.42,0.02,0.0,0.0,0.13
CAICARA DO NORTE,2005,51.87,1.95,2.24,0.0,1.55,3.09,0.25,0.18,0.0,0.0,3.34,3.56,0.0,0.0,20.53,2.22,0.05,0.0,0.0,0.0,0.0,0.0,2.94,4.4,18.29,0.0,0.69,32.83,0.0,0.0,0.0,3.15,0.04,4.5,21.62,0.0,39.51,0.0,0.0,7.24,0.0,0.0,57.38,1.32,0.0,24.26,0.0,0.0,0.05,10.95,0.0,15.09,0.0,0.0,0.0,0.21
CAICARA DO NORTE,2006,43.05,3.44,5.46,0.0,1.22,3.56,0.06,0.1,0.0,0.0,1.41,3.6,0.0,0.0,14.82,0.92,0.49,0.0,0.0,0.0,0.0,0.0,4.2,2.17,8.48,1.98,0.17,35.06,0.0,0.0,0.0,1.7,0.01,1.77,24.56,0.0,36.94,0.0,0.0,7.87,0.0,0.0,128.08,0.34,0.0,10.79,0.0,0.0,0.11,12.13,0.0,9.55,0.09,0.0,0.0,0.35
CAICARA DO NORTE,2007,30.74,2.33,7.84,0.0,1.74,4.59,0.0,0.24,0.0,0.0,6.77,1.69,0.0,0.0,11.21,1.19,0.87,0.0,0.0,0.0,0.0,0.0,6.94,3.69,7.03,1.9,0.2,65.3,0.0,0.0,0.0,5.3,0.0,2.16,44.92,0.0,28.92,0.0,0.0,8.68,0.0,0.0,230.82,0.43,0.0,6.02,0.0,0.0,0.1,15.68,0.0,10.41,0.07,0.0,0.0,1.56
CAICARA DO NORTE,2008,28.38,4.08,9.51,0.0,4.52,8.38,0.13,0.26,0.0,0.0,6.83,1.26,3.66,0.0,14.68,1.85,0.41,0.0,0.0,0.0,0.07,0.0,6.699999999999999,11.94,13.43,10.34,0.26,32.47,0.0,0.0,0.0,6.85,0.05,2.25,36.76,0.0,17.16,0.0,0.0,8.21,0.0,0.0,151.84,0.39,0.0,1.62,1.52,0.0,0.11,15.97,0.0,26.1,0.14,0.0,0.0,1.27
CAICARA DO NORTE,2009,27.378,21.5344,36.5566,1.3649,7.324300000000001,22.2168,2.9519,9.1507,0.0,0.0,20.6101,10.508,5.274,0.0,32.9014,9.76,4.8712,0.7871,0.0021,0.0,0.4203,0.0,25.7768,23.2744,46.6963,90.2041,5.9536,124.6889,0.0,0.0,0.0,19.805,0.4437,32.3198,43.3976,0.0,52.93940000000001,0.0,0.0,18.0333,0.0,0.0,578.0138,3.904,0.0,3.9451,11.9191,0.0,6.051800000000001,94.6916,0.0,84.5894,3.4462,0.0,0.0,2.2498
CAICARA DO NORTE,2010,55.322,17.341,12.002,16.679,7.318,20.855,9.093,30.713,0.0,0.0,22.236,39.972,14.387,0.0,38.981,5.576000000000001,7.172000000000001,0.7190000000000001,0.0,0.0,0.386,0.0,32.532,27.513,36.639,52.982,25.868,193.104,0.0,0.0,0.0,29.349,2.63,24.475,49.74299999999999,0.0,47.764,0.0,0.0,7.543,0.0,0.0,293.056,9.691,0.0,6.029999999999999,7.089,0.0,15.838,75.455,0.0,106.519,2.355,0.0,0.0,1.501
CAICARA DO NORTE,2011,53.913,17.317,21.193,0.0,8.993,21.403,8.235,20.141,0.918,1.917,29.934,30.051,0.887,0.0,49.814,14.461,5.773,0.075,0.012,0.009,0.305,0.177,12.578,18.721,36.069,45.146,4.328,136.499,7.158,0.0,0.035,15.989,1.849,39.576,96.574,0.0,338.777,0.0,0.316,9.359,1.493,0.251,105.734,7.855,0.294,5.774,6.763,0.005,2.263,45.565,0.028,26.036,1.368,0.0,0.0,5.764
CAICARA DO NORTE,2012,93.5,16.3,11.6,0.0,13.3,23.1,8.6,31.9,0.7,2.3,48.5,33.4,0.6,0.0,25.0,12.7,18.6,0.5,0.0,0.0,0.4,0.0,24.6,12.2,26.6,35.0,2.8,100.1,1.0,0.0,0.6000000000000001,38.1,1.4,46.0,59.5,0.0,32.1,0.0,0.5,8.7,6.9,2.4,602.0,9.3,0.5,12.4,3.0,0.2,1.3,51.59999999999999,0.0,28.2,0.0,0.0,0.0,2.2
CAICARA DO NORTE,2013,121.2,0.0,19.6,0.0,8.3,26.7,8.2,26.7,0.0,0.0,65.3,40.8,0.0,0.0,25.1,7.8,14.6,0.9,0.0,0.0,0.3,0.0,20.8,16.0,39.59999999999999,32.0,4.6,140.0,0.4,1.6,0.7,40.5,1.3,47.9,80.1,0.0,47.2,0.0,0.0,7.2,5.4,0.0,560.8,25.5,0.0,5.600000000000001,1.6,0.0,9.4,108.2,0.0,72.5,0.1,0.0,0.0,0.0
CAICARA DO NORTE,2014,47.6,0.0,44.2,0.0,3.7,9.5,3.3,10.6,0.0,0.0,21.5,35.1,0.0,0.0,18.8,2.1,7.5,0.4,0.0,0.0,0.2,0.0,9.2,9.7,13.2,16.6,0.6,57.9,0.1,0.0,0.2,16.6,0.4,15.7,40.1,0.0,169.5,0.0,0.0,13.4,3.8,0.4,442.5,14.0,0.0,1.1,0.1,0.0,0.4,42.8,0.0,8.1,0.1,0.0,0.0,0.0
CAICARA DO NORTE,2015,57.3,5.0,24.2,0.0,8.5,15.2,3.4,14.7,0.7,0.9,11.2,26.9,0.2,0.0,33.3,0.6,3.2,0.1,0.0,0.0,0.7,0.0,10.2,7.8,18.4,3.3,1.2,59.6,1.4,0.0,0.0,53.4,0.0,25.8,50.2,0.0,8.1,43.5,0.0,8.2,4.7,0.8,165.1,7.3,0.1,8.6,0.4,0.0,6.9,48.2,0.0,16.6,0.0,0.0,4.6,0.4
CAICARA DO NORTE,2016,136.5,0.0,28.7,0.0,10.2,32.3,30.9,23.4,0.0,0.0,29.4,42.9,0.0,0.0,62.6,5.5,11.5,0.8,0.0,0.0,0.6,0.0,21.9,18.2,27.8,13.4,1.7,149.4,3.1,0.0,0.3,111.8,1.6,36.7,72.2,0.0,62.7,72.1,0.0,15.9,4.5,1.6,483.4,29.4,0.0,11.5,0.6,0.0,4.8,93.8,0.0,18.9,0.4,0.0,0.0,0.0
CAICARA DO NORTE,2017,123.4,0.0,20.0,0.0,9.5,38.9,28.9,26.2,0.0,0.0,23.5,34.2,0.0,0.0,63.3,4.4,13.3,0.8,0.0,0.0,0.4,0.0,20.8,16.1,0.0,22.6,2.6,140.0,0.0,0.0,0.4,98.4,0.6,28.1,94.6,0.0,26.6,70.2,0.0,14.3,8.3,1.3,548.0,0.0,0.0,11.2,0.8,0.0,47.1,52.9,0.0,45.9,112.8,0.0,0.0,0.0
CAICARA DO NORTE,2018,48.3,7.3,4.5,0.0,7.0,6.3,2.0,3.3,0.2,1.4,12.8,16.1,0.0,0.2,7.8,1.6,0.8,0.1,0.0,0.0,0.0,0.0,5.7,4.6,11.8,0.2,0.4,12.8,0.0,0.0,0.0,21.2,0.1,9.9,23.7,0.1,2.2,31.8,0.0,13.1,0.6,0.6,80.1,24.1,0.1,5.5,0.0,0.0,9.3,37.1,0.0,7.6,0.0,0.0,0.9,1.2
CAICARA DO NORTE,2019,96.54,8.66,82.11,0.0,15.87,18.48,5.06,10.12,0.87,4.87,31.59,25.33,0.18,0.08,24.77,2.59,3.34,0.29,0.0,0.0,0.06,0.16,21.22,9.9,24.69,2.65,1.64,68.06,1.62,0.0,0.22,40.33,0.24,17.3,49.67,0.0,4.05,118.69,0.04,17.37,0.03,1.23,281.52,27.31,0.21,7.43,0.1,0.0,0.68,57.89,0.06,34.45,0.03,0.0,2.51,0.54
CAICARA DO NORTE,2020,99.16,13.24,19.04,0.0,16.45,24.04,4.48,9.63,0.38,5.94,24.82,18.1,0.72,0.0,27.46,1.83,3.62,0.06,0.0,0.0,0.02,0.21,13.73,8.46,23.05,2.15,0.64,61.97,0.22,0.0,0.14,30.25,0.3,23.33,60.37,0.03,5.74,151.54,0.0,17.29,0.17,1.14,261.44,14.31,0.08,5.15,0.38,0.1,1.88,35.06,0.0,8.15,0.0,0.0,2.49,0.48
CAICARA DO NORTE,2021,117.69,20.85,6.26,0.0,11.81,28.97,2.2,10.06,0.35,1.49,44.47,18.95,1.16,0.0,30.89,2.35,5.74,0.39,0.0,0.0,0.13,0.38,12.8,8.91,20.54,3.38,1.23,92.82,0.24,0.0,0.2,27.54,0.75,68.27,60.91,0.0,7.97,290.17,0.02,28.19,1.6,2.07,254.07,14.11,0.1,10.29,0.51,0.01,0.31,28.74,0.0,7.28,0.02,0.34,2.45,0.72
CAICARA DO NORTE,2022,64.4,20.48,5.05,0.0,11.91,34.8,4.15,16.08,0.31,2.79,47.41,28.17,0.34,0.0,21.04,0.9,13.4,0.3,0.0,0.0,0.1,0.04,17.1,9.1,29.4,1.6,2.8,39.7,0.0,0.0,0.1,34.7,0.5,86.1,30.6,0.0,4.14,156.52,0.0,23.7,0.7,2.84,98.84,10.09,0.0,4.95,0.05,0.01,0.35,46.17,0.0,18.59,0.04,0.02,6.85,1.49
CAICARA DO NORTE,2023,132.16,28.18,49.56,0.0,14.6,33.99,3.88,20.1,0.6,2.92,34.54,23.54,0.15,0.01,35.11,1.28,14.21,1.07,0.0,0.01,0.55,0.02,16.86,13.51,27.57,3.33,3.7,51.04,0.0,0.0,0.23,40.15,1.88,44.5,57.03,0.0,4.11,117.92,0.12,19.98,0.8,2.25,117.33,8.25,0.03,1.86,5.29,0.05,0.63,44.57,0.0,13.56,0.05,0.0,4.47,2.07
CAICARA DO NORTE,2024,93.81,15.77,17.1,0.0,16.26,42.1,4.33,8.88,0.29,2.83,45.09,16.55,0.29,0.33,16.7,0.5,16.8,2.1,0.02,0.0,0.4,0.01,12.7,14.8,28.3,4.6,1.9,39.1,0.0,0.0,0.7,40.8,0.9,64.1,47.2,0.0,4.3,66.88,0.16,10.3,0.0,1.44,55.77,11.11,0.0,1.15,2.42,0.14,0.72,39.73,0.21,28.57,0.1,0.21,4.25,1.61
GALINHOS,2004,0.0,0.33,1.21,0.0,0.0,0.82,0.13,0.04,0.0,0.0,0.13,0.02,0.0,0.0,4.96,0.0,0.0,0.0,0.0,0.0,0.0,0.0,0.38,0.23,0.21,0.0,0.08,2.13,0.0,0.0,0.0,0.2,0.0,3.65,0.03,0.0,0.63,0.0,0.0,0.0,0.0,0.0,10.66,0.68,0.0,0.0,0.0,0.0,8.95,0.21,0.0,0.22,4.28,0.0,0.0,0.11
GALINHOS,2005,0.0,0.38,0.17,0.0,0.0,0.17,0.19,0.21,0.0,0.0,0.11,0.0,0.0,0.0,6.12,0.03,0.0,0.0,0.0,0.0,0.0,0.0,0.24,0.14,0.16,0.01,0.08,2.55,0.0,0.0,0.0,0.25,0.0,2.59,0.0,0.0,0.92,0.0,0.0,0.0,0.0,0.0,6.43,0.24,0.0,0.0,0.0,0.0,0.9,0.09,0.0,0.01,5.3,0.0,0.0,0.03
GALINHOS,2007,0.0,0.0,0.21,0.0,0.0,0.21,0.04,0.47,0.0,0.0,0.11,0.0,0.0,0.0,3.23,0.29,0.05,0.0,0.0,0.8,0.76,0.0,0.16,0.07,0.15,0.58,0.0,0.22,0.0,0.0,0.0,0.2,0.0,3.4,0.0,0.0,1.68,0.0,0.0,0.0,0.0,0.0,0.71,0.09,0.0,0.0,0.0,0.0,0.45,0.01,0.0,0.01,6.4,0.0,0.0,0.03
GALINHOS,2008,0.0,0.21,0.79,0.0,0.03,1.14,0.27,1.45,0.0,0.0,1.28,0.35,0.0,0.0,22.52,3.97,0.84,0.25,0.0,0.44,2.01,0.0,0.52,1.6,1.14,2.34,0.19,7.28,0.0,0.0,0.0,0.46,0.03,17.81,0.01,0.0,19.39,0.0,0.0,0.07,0.0,0.0,19.4,1.08,0.0,0.01,0.56,0.0,4.75,0.62,0.0,0.44,33.61,0.0,0.0,1.54
GALINHOS,2009,1.231,0.3691,0.6959,0.2629,0.0053,1.7365,0.373,0.8478000000000001,0.0,0.0,1.8346,0.4834,0.04,0.0,21.0649,5.374700000000001,1.767,0.1445,0.0,0.0,2.4836,0.0,1.4641,0.8196000000000001,1.8195,10.316,0.3169,5.901899999999999,0.0,0.0,0.0,1.361,0.027,13.076,0.1915,0.0,44.6644,0.0,0.0,0.0103,0.0,0.0,22.2251,1.8442,0.0,0.0,1.2577,0.0,10.632,0.3488,0.0,0.1653,51.0975,0.0,0.0,1.05
GALINHOS,2010,2.005,0.947,0.365,0.799,0.021,0.826,0.495,1.828,0.0,0.0,4.962,1.631,0.0,0.0,24.82,0.868,0.771,0.105,0.0,0.0,2.19,0.0,3.371,2.016,1.365,5.394,0.365,13.027,0.0,0.0,0.0,1.204,0.012,14.999,0.492,0.0,73.61699999999999,0.0,0.0,0.0,0.0,0.0,17.297,1.683,0.0,0.0,2.201,0.0,17.101,4.567,0.0,0.108,34.763,0.0,0.0,10.41
GALINHOS,2011,0.212,1.547,0.8130000000000001,0.0,0.058,2.532,1.131,1.223,0.677,0.339,9.855,2.154,0.028,2.376,24.248,1.415,1.08,0.298,0.0,0.0,3.141,0.0,1.104,1.85,1.435,6.087,0.114,11.228,25.31,0.0,0.0,0.806,0.004,13.812,0.346,19.312,34.433,0.0,0.175,0.047,0.244,0.165,2.412,1.954,0.0,0.0,1.438,0.0,19.309,4.03,0.002,0.173,32.583,0.0,0.0,5.686
GALINHOS,2012,0.0,0.7,0.6,0.0,0.0,3.2,2.0,3.0,0.5,0.7,7.8,3.7,0.0,4.300000000000001,21.6,0.1,1.8,0.1,0.0,0.0,4.5,0.0,1.1,0.8999999999999999,0.8999999999999999,3.9,0.2,9.0,9.0,0.0,7.1,2.5,0.0,19.2,0.5,0.0,6.3,0.0,0.2,0.0,0.3,0.5,26.1,2.1,0.0,0.0,1.4,0.0,12.6,4.0,0.0,0.2,38.8,0.0,0.0,18.0
GALINHOS,2013,1.0,0.0,0.6,0.0,0.0,3.7,4.7,1.8,0.0,0.0,8.2,3.6,0.0,2.8,26.2,0.5,1.1,0.2,0.0,0.0,2.4,0.0,1.0,0.8999999999999999,1.5,1.3,0.3,12.5,6.5,0.1,5.600000000000001,5.0,0.0,14.6,3.1,0.4,16.9,0.0,0.0,0.0,0.0,0.0,13.4,9.5,0.0,0.0,0.6,0.0,5.9,8.5,0.0,0.1,50.0,0.0,0.0,0.0
GALINHOS,2014,1.6,0.0,3.5,0.0,0.0,0.4,3.3,0.9,0.0,0.0,1.5,4.6,0.0,0.7,11.8,0.0,1.1,0.3,0.0,0.0,1.1,0.0,0.4,0.5,0.8,1.2,0.0,6.2,0.3,0.0,0.1,2.0,0.0,2.5,0.6,0.2,19.7,0.0,0.0,0.0,0.0,0.0,3.5,3.4,0.0,0.0,0.6,0.0,0.3,6.4,0.0,0.0,14.7,0.0,0.0,0.0
GALINHOS,2015,0.0,0.3,0.2,0.0,0.0,2.4,0.3,0.8,0.2,0.8,3.0,2.3,0.0,1.4,13.4,0.0,0.3,0.0,0.0,0.0,1.2,0.0,0.4,0.6,0.5,0.2,0.1,3.0,2.2,0.0,0.0,6.4,0.0,8.2,0.1,0.5,1.9,3.1,0.0,0.0,0.0,0.0,0.1,2.2,0.0,0.0,0.3,0.0,5.7,7.2,0.0,0.0,19.6,0.0,0.3,0.1
GALINHOS,2016,0.2,0.0,1.4,0.0,0.1,3.8,4.7,1.8,0.0,0.0,4.9,5.1,0.0,2.2,21.1,0.3,1.1,0.2,0.0,0.0,1.9,0.0,1.3,1.1,1.1,0.7,0.2,10.6,19.7,0.0,3.2,6.4,0.2,11.6,1.4,0.6,13.3,8.3,0.0,0.1,0.0,0.1,5.6,5.1,0.0,0.0,0.6,0.0,5.2,13.3,0.0,0.1,44.3,0.0,0.0,0.0
GALINHOS,2017,1.8,0.0,41.9,0.0,0.0,11.5,0.0,6.6,0.0,0.0,9.3,4.3,0.0,1.9,25.5,0.2,1.1,0.2,0.0,0.0,2.0,0.0,1.0,1.0,0.0,1.4,0.3,6.0,0.0,0.0,1.9,1.3,0.0,4.8,12.3,0.4,13.1,0.0,0.0,0.0,0.0,0.0,12.1,0.0,0.0,0.0,0.7,0.0,24.4,16.3,0.0,0.1,1.2,0.0,0.0,0.0
GALINHOS,2018,0.0,0.1,0.2,0.0,0.0,0.8,0.1,0.1,0.0,0.7,1.3,1.4,0.0,11.9,10.9,0.0,0.1,0.0,0.0,0.0,0.4,0.0,0.1,0.1,0.1,0.2,0.0,1.2,1.3,0.0,0.0,0.7,0.0,0.5,0.0,3.2,0.8,1.6,0.0,0.0,0.0,0.0,1.0,2.2,0.0,0.0,0.1,0.0,2.3,8.0,0.0,0.1,20.0,0.0,0.0,4.4
GALINHOS,2019,0.0,0.98,1.98,0.0,0.02,1.8,0.39,0.09,0.05,7.38,2.92,3.13,0.02,38.06,16.73,0.0,0.24,0.05,0.0,0.0,0.78,0.2,0.62,0.35,0.91,28.67,0.03,8.17,7.8,0.0,17.4,2.38,0.0,2.69,0.57,8.33,0.39,14.1,0.0,0.0,0.02,0.05,0.04,10.4,0.03,0.0,0.28,0.0,1.68,8.48,0.03,0.02,33.56,0.0,0.09,0.58
GALINHOS,2020,0.0,0.59,0.75,0.0,0.01,0.77,0.15,0.12,0.31,1.94,0.45,1.49,0.0,36.64,21.81,0.0,0.74,0.15,0.0,0.0,0.86,0.0,0.43,0.11,0.72,0.24,0.06,5.37,16.91,0.0,2.0,0.3,0.0,3.01,0.02,10.11,0.19,11.83,0.0,0.0,0.08,0.02,0.13,2.53,0.0,0.0,0.05,0.0,1.78,4.53,0.01,0.1,49.83,0.0,0.0,2.5
GALINHOS,2021,0.12,0.6,0.48,0.0,0.0,0.58,0.51,0.09,0.18,2.98,1.0,1.61,0.0,21.01,18.22,0.0,0.19,0.2,0.0,0.0,1.2,0.0,0.74,0.33,1.48,0.28,0.02,7.59,5.69,0.0,9.2,0.4,0.0,10.57,0.15,13.98,0.91,22.38,0.0,0.0,0.13,0.2,0.1,2.72,0.0,0.0,0.19,0.0,1.69,2.82,0.0,0.05,63.14,0.01,0.03,0.48
GALINHOS,2022,0.0,1.31,0.27,0.0,0.03,1.21,0.17,0.43,0.12,1.94,1.28,1.23,0.0,38.66,17.48,0.0,1.8,0.0,0.0,0.1,1.2,0.0,1.3,0.3,2.3,0.3,0.1,3.3,2.4,0.0,14.4,1.2,0.0,12.8,0.6,10.8,1.77,11.73,0.0,0.0,0.4,0.31,0.04,2.98,0.0,0.0,0.05,0.0,0.13,2.3,0.0,0.04,59.83,0.04,0.2,0.7
GALINHOS,2023,0.01,0.65,0.75,0.0,0.12,0.71,0.22,0.06,0.48,1.8,1.67,0.04,0.0,62.24,21.43,0.0,0.84,0.06,0.0,0.01,1.05,0.04,0.78,0.22,2.87,0.17,0.16,5.85,4.62,0.0,2.35,0.87,0.02,12.6,1.01,23.3,1.46,10.57,0.01,0.0,0.09,0.0,0.03,4.44,0.0,0.0,0.02,0.0,1.15,4.81,0.0,0.08,54.94,0.0,0.0,7.91
GALINHOS,2024,0.01,0.15,0.59,0.0,0.06,1.53,0.17,0.11,0.82,1.24,0.63,0.37,0.0,33.12,11.52,0.1,1.4,0.2,0.0,0.0,1.0,0.01,1.2,0.3,4.0,0.1,0.1,4.6,8.4,0.0,4.5,1.2,0.0,15.0,0.6,15.7,1.51,5.93,0.01,0.0,0.0,0.0,0.04,4.48,0.0,0.0,0.1,0.0,0.06,5.41,0.02,0.17,46.56,0.0,0.01,5.16
GROSSOS,2003,0.0,0.0,0.0,0.0,0.0,0.0,0.0,0.0,0.0,0.0,0.0,0.0,0.0,0.0,0.0,0.0,0.0,0.0,0.0,0.0,0.0,0.0,0.0,0.0,0.0,0.0,0.0,0.0,0.0,0.0,0.0,0.0,0.0,0.0,0.8200000000000001,0.0,0.0,0.0,0.0,0.0,0.0,0.0,0.0,0.0,0.0,0.0,0.0,0.0,0.0,0.0,0.0,0.0,0.0,0.0,0.0,0.0
GROSSOS,2005,0.0,0.0,0.0,0.0,0.0,0.0,0.0,0.0,0.0,0.0,0.0,0.0,0.0,0.0,0.0,0.0,0.0,0.0,0.0,0.0,0.0,0.0,0.0,0.0,0.0,0.0,0.0,0.0,0.0,0.0,0.0,0.0,0.0,0.0,2.77,0.0,0.0,0.0,0.0,0.0,0.0,0.0,0.0,0.0,0.0,0.0,0.0,0.0,0.0,0.0,0.0,0.0,0.0,0.0,0.0,0.0
GROSSOS,2007,0.0,0.0,0.0,0.0,0.0,0.0,0.0,0.0,0.0,0.0,0.0,0.0,0.0,0.0,0.0,0.0,0.0,0.0,0.0,0.0,0.0,0.0,0.0,0.0,0.0,0.0,0.0,0.0,0.0,0.0,0.0,0.0,0.0,0.0,1.3,0.0,0.0,0.0,0.0,0.0,0.0,0.0,0.0,0.0,0.0,0.0,0.0,0.0,0.0,0.0,0.0,0.0,0.0,0.0,0.0,0.0
GROSSOS,2009,0.0,0.0,0.0,0.0107,0.032,5.2427,4.0766,2.2731,0.0,0.0,0.2051,0.7015,0.0822,0.0,3.5985,4.2279,1.2878,2.053,0.0055,1.6928,3.8575,0.0,0.3974,2.06,0.5264,1.2194,0.1948,0.0071,0.0,0.0,0.0,3.2887,0.0146,0.5391,11.3026,0.0,4.3411,0.0,0.0,0.0,0.0,0.0,0.0002,2.844,0.0,0.0003,1.5473,0.0,0.0236,5.755199999999999,0.0,0.0531,8.200700000000001,0.0,0.0,0.3472
GROSSOS,2010,0.0,0.0,0.0,0.0,0.0,8.245000000000001,2.264,3.193,0.0,0.0,0.276,4.454000000000001,0.0,0.0,7.12,0.58,2.946,0.968,0.036,4.166,5.638999999999999,0.0,0.124,1.94,1.044,3.08,0.001,0.0,0.0,0.0,0.0,6.037999999999999,0.003,0.043,13.609,0.0,16.495,0.0,0.0,0.0,0.0,0.0,0.005,4.967000000000001,0.0,0.054,3.457,0.0,0.734,5.654999999999999,0.0,0.0,10.467,0.0,0.0,0.414
GROSSOS,2011,0.0,0.0,0.012,0.0,0.001,1.871,4.022,4.12,0.029,0.001,0.221,1.871,0.002,0.0,4.819,2.214,2.433,1.478,0.001,1.564,3.673,0.012,0.0409999999999999,1.397,0.082,2.231,0.008,0.0,0.021,0.0,0.0,1.032,0.005,0.101,22.52,0.0,6.221,0.0,0.3179999999999999,0.023,0.102,0.0,0.004,2.191,0.002,0.011,2.601,0.011,0.254,3.764,0.304,0.001,31.511,0.0,0.0,0.13
GROSSOS,2012,0.1,0.0,0.0,0.0,0.0,1.8,3.5,3.9,0.0,0.0,0.1,1.2,0.0,1.3,5.5,0.5,3.5,0.5,0.0,2.7,5.9,0.0,0.1,1.3,0.0,2.5,0.0,0.0,0.5,0.0,0.0,1.4,0.0,0.0,20.4,0.1,5.4,0.0,0.9,0.0,0.6000000000000001,0.0,0.0,2.8,0.0,0.0,1.2,0.0,0.3,0.8,0.2,0.0,27.4,0.0,0.1,0.3
GROSSOS,2013,0.0,0.0,0.0,0.0,0.0,2.6,1.9,4.1,0.0,0.0,0.5,0.4,0.0,1.2,6.3,0.0,3.3,0.3,0.0,1.3,1.7,0.0,0.0,0.5,1.3,2.3,0.0,0.0,0.2,0.0,0.0,1.5,0.0,0.0,20.9,0.0,2.3,0.0,0.0,0.0,1.3,0.0,0.0,2.1,0.0,0.0,0.2,0.0,0.1,1.1,0.1,0.0,21.2,0.0,0.0,0.0
GROSSOS,2014,0.0,0.0,0.0,0.0,0.0,0.5,0.4,2.5,0.0,0.0,0.1,0.3,0.0,0.8,3.4,0.0,1.5,0.4,0.0,0.0,1.3,0.0,0.0,0.4,0.8,0.8,0.0,0.0,0.0,0.0,0.0,0.4,0.0,0.0,4.4,0.0,1.2,0.0,0.0,0.0,0.3,0.0,0.0,1.0,0.0,0.0,0.1,0.0,0.0,0.7,0.0,0.1,14.3,0.0,0.0,0.0
GROSSOS,2015,0.0,0.0,0.0,0.0,0.0,0.2,0.2,1.5,0.0,0.0,0.0,0.0,0.0,0.6,0.9,0.0,0.8,1.1,0.0,0.0,1.2,0.0,0.1,0.1,0.7,0.2,0.1,0.0,0.2,0.0,0.0,0.1,0.0,0.0,11.2,0.0,1.4,0.0,0.0,0.0,0.1,0.0,0.0,0.3,0.0,0.0,0.1,0.0,0.0,0.1,0.0,0.2,12.6,0.0,0.7,0.0
GROSSOS,2016,0.0,0.0,0.0,0.0,0.0,1.9,1.2,3.3,0.0,0.0,0.0,0.4,0.0,1.1,3.9,0.0,2.0,0.7,0.0,0.6,2.6,0.0,0.2,0.4,1.2,1.1,0.3,0.0,0.3,0.0,0.0,1.2,0.0,0.0,18.7,0.0,4.3,0.0,0.0,0.0,0.5,0.0,0.0,1.5,0.0,0.0,0.2,0.0,0.1,0.9,0.0,0.3,26.3,0.0,0.0,0.0
GROSSOS,2017,3.7,0.0,27.4,0.0,0.0,0.0,0.0,1.5,0.0,0.0,0.1,0.5,0.0,1.2,0.2,0.0,2.5,1.0,0.0,0.4,2.3,0.0,0.1,0.5,0.0,1.3,0.0,1.0,0.0,0.0,0.0,1.3,0.0,1.0,10.9,0.0,1.5,0.0,0.0,0.0,0.7,0.0,0.0,0.0,0.0,0.0,0.2,0.0,4.7,0.5,0.0,0.2,10.3,0.0,0.0,0.0
GROSSOS,2018,0.8,0.0,0.0,0.0,0.0,0.3,0.1,0.1,0.0,0.0,0.0,0.0,0.0,0.0,0.5,0.0,0.8,0.9,0.0,0.5,1.0,0.0,0.0,0.0,0.0,0.1,0.0,0.0,0.0,0.0,0.0,0.1,0.0,0.0,8.0,0.0,0.0,0.0,0.0,0.0,0.1,0.0,0.0,0.3,0.0,0.0,0.0,0.0,0.0,0.3,0.0,0.0,2.7,0.0,1.3,0.0
GROSSOS,2019,0.02,0.0,0.0,0.0,0.0,1.25,0.67,0.52,0.0,0.04,0.81,0.21,0.25,0.0,1.82,0.0,0.7,0.63,0.0,0.88,3.51,0.18,0.17,0.13,0.83,0.5,0.11,0.0,0.0,0.0,0.4,0.57,0.0,0.09,9.67,0.0,0.03,0.0,0.29,0.0,0.18,0.0,0.0,0.4,0.0,0.0,0.68,0.01,0.0,0.76,0.0,0.0,7.6,0.0,0.38,0.04
GROSSOS,2020,0.05,0.0,137.05,0.0,0.0,0.81,0.9,0.54,0.0,0.0,1.52,2.08,0.77,0.0,1.53,0.0,0.61,0.74,0.0,0.7,5.13,1.42,0.17,0.06,1.99,0.08,0.1,0.31,0.02,0.0,2.12,0.24,0.0,0.15,1.5,0.0,2.01,0.87,1.31,0.09,0.1,0.0,0.0,0.39,0.0,0.0,1.07,0.0,0.01,0.27,0.0,0.0,9.38,0.0,0.01,0.0
GROSSOS,2021,0.13,0.0,0.0,0.0,0.0,0.71,0.72,0.81,0.0,0.0,0.34,0.03,0.32,0.29,1.53,0.0,0.54,0.2,0.0,1.03,2.6,0.46,0.08,0.14,0.05,0.26,0.02,0.0,0.3,0.0,0.19,0.09,0.0,0.0,4.44,0.0,0.0,0.0,1.77,0.01,0.12,0.0,0.0,0.23,0.0,0.0,1.25,0.0,0.0,0.34,0.0,0.0,9.37,0.0,0.0,0.0
GROSSOS,2022,0.59,0.0,0.0,0.0,0.0,0.78,0.46,0.64,0.0,0.0,0.0,0.02,0.0,1.06,2.23,0.0,0.0,0.1,0.0,1.2,5.2,0.01,0.1,0.2,0.7,0.2,0.1,0.0,0.2,0.0,0.1,0.1,0.0,0.0,2.4,0.0,0.0,0.0,0.73,0.0,0.2,0.0,0.0,0.27,0.0,0.01,0.67,0.0,0.02,0.29,0.0,0.0,11.34,0.14,0.45,0.01
GROSSOS,2023,0.77,0.0,0.0,0.0,0.0,1.62,0.8,0.79,0.0,0.0,0.0,0.0,0.0,0.9,2.74,0.0,0.18,0.3,0.0,0.66,4.5,0.0,0.22,0.28,0.73,0.18,0.16,0.0,0.0,0.0,0.11,0.12,0.0,0.0,4.77,0.0,0.0,0.0,2.92,0.01,0.19,0.03,0.04,0.39,0.0,0.01,1.25,0.0,0.0,0.73,0.0,0.02,6.94,0.01,0.69,0.13
GROSSOS,2024,0.46,0.0,0.0,0.0,0.0,1.07,0.22,0.5,0.0,0.0,0.01,0.0,0.0,0.47,1.78,0.0,0.4,0.2,0.0,0.5,3.5,0.0,0.0,0.2,0.4,0.1,0.0,0.0,0.0,0.0,0.0,0.1,0.0,0.0,2.6,0.0,0.01,0.0,0.56,0.0,0.3,0.0,0.0,1.08,0.0,0.0,0.88,0.0,0.0,0.26,1.19,0.0,7.44,0.0,1.43,0.12
GUAMARE,2001,1.89,0.02,0.39,0.0,0.0,0.38,0.55,0.72,0.0,0.0,0.9,0.0,0.0,0.0,6.04,0.02,0.0,0.0,0.0,4.92,0.0,0.0,0.36,0.63,0.14,0.0,0.01,0.0,0.0,0.0,0.0,0.67,0.0,2.08,0.03,0.0,8.78,0.0,0.0,0.29,0.0,0.0,0.0,0.56,0.0,0.0,0.0,0.0,1.41,2.31,0.0,0.0,8.83,0.0,0.0,0.7000000000000001
GUAMARE,2002,6.43,0.0,2.7,0.0,0.41,0.09,0.3,1.91,0.0,0.0,0.3,0.0,0.0,0.0,5.59,3.5,0.0,0.0,0.0,10.51,0.0,0.0,1.22,1.71,0.47,0.0,1.73,0.28,0.0,0.0,0.0,0.46,0.0,1.15,0.0,0.0,16.24,0.0,0.0,0.81,0.0,0.0,0.0,1.25,0.0,0.0,0.0,0.0,0.11,3.47,0.0,1.22,11.43,0.0,0.0,0.1
GUAMARE,2003,5.6,0.11,1.72,0.0,0.0,0.44,0.32,2.94,0.0,0.0,0.42,3.51,0.0,0.0,5.46,1.62,0.0,0.0,0.0,4.45,0.0,0.0,1.68,0.73,0.52,0.0,0.36,0.29,0.0,0.0,0.0,0.44,0.46,1.1,0.0,0.0,5.0,0.0,0.0,0.43,0.0,0.0,0.0,1.18,0.0,0.0,0.0,0.0,1.68,3.4,0.0,0.19,20.28,0.0,0.0,3.34
GUAMARE,2004,9.7,0.03,2.26,0.0,0.13,1.07,0.86,5.56,0.0,0.0,1.6,3.79,0.0,0.0,9.0,5.07,0.0,0.0,0.0,16.23,0.0,0.0,1.72,2.94,0.54,0.0,5.23,0.79,0.0,0.0,0.0,0.72,0.77,1.53,0.0,0.0,14.71,0.0,0.0,1.69,0.0,0.0,0.1,3.29,0.0,0.0,0.0,0.0,7.87,5.43,0.0,0.52,35.17,0.0,0.0,10.74
GUAMARE,2005,4.12,0.02,1.54,0.0,0.05,1.47,0.69,2.51,0.0,0.0,2.26,2.06,0.0,0.0,5.38,4.12,0.8,0.03,0.0,9.98,0.0,0.0,1.14,1.2,0.53,1.08,1.56,0.19,0.0,0.0,0.0,1.33,0.81,1.68,0.0,0.0,8.34,0.0,0.0,0.31,0.0,0.0,0.0,2.35,0.0,0.0,0.0,0.0,1.19,3.23,0.0,0.1,22.05,0.0,0.0,0.07
GUAMARE,2006,4.0,0.0,0.93,0.0,0.0,0.48,0.17,1.86,0.0,0.0,0.52,0.31,0.0,0.0,2.43,1.63,0.76,0.03,0.0,8.1,0.0,0.0,0.21,1.06,0.3,2.52,1.8,0.1,0.0,0.0,0.0,0.19,0.45,0.99,0.0,0.0,2.67,0.0,0.0,0.37,0.0,0.0,0.0,1.35,0.0,0.0,0.0,0.0,0.16,1.97,0.0,0.09,13.4,0.0,0.0,0.07
GUAMARE,2007,3.92,0.04,0.98,0.0,0.21,1.44,0.19,2.72,0.0,0.0,0.44,0.99,0.0,0.0,2.55,2.83,1.13,0.0,0.0,13.91,0.26,0.0,0.38,1.25,0.04,2.54,0.36,0.06,0.0,0.0,0.0,0.3,0.02,0.25,0.0,0.0,1.74,0.0,0.0,1.67,0.0,0.0,0.0,1.26,0.0,0.0,0.08,0.0,0.2,1.18,0.0,0.43,8.38,0.0,0.0,0.19
GUAMARE,2008,10.47,0.02,5.539999999999999,0.0,0.88,7.08,0.28,5.18,0.0,0.0,29.44,2.0,87.21,0.0,122.25,28.84,2.07,0.07,0.0,29.08,1.29,0.0,4.42,3.23,6.48,12.04,0.86,0.76,0.0,0.0,0.0,0.89,0.42,9.28,3.99,0.0,21.88,0.0,0.0,0.17,0.0,0.0,0.03,5.13,0.0,3.18,5.4,0.0,2.29,2.88,0.0,1.04,39.31,0.0,0.0,7.4
GUAMARE,2009,8.642600000000002,0.0747999999999999,0.4505,2.553,0.21,4.8804,0.4829,5.1714,0.0,0.0,3.374,1.849,21.213,0.0,72.32339999999999,22.0755,5.2143,0.076,0.25,27.01,4.2636,0.0,3.743,2.7962,4.5113,14.4889,1.387,1.128,0.0,0.0,0.0,1.466,0.062,13.299,0.0,0.0,84.9503,0.0,0.0,0.6910000000000001,0.0,0.0,0.004,5.6097,0.0,0.499,5.5816,0.0,13.2757,1.9618,0.0,0.607,98.6488,0.0,0.0,3.7919
GUAMARE,2010,3.667,0.061,2.297,2.44,0.055,2.344,1.096,6.294,0.0,0.0,17.196,4.37,1.995,0.0,26.536,14.676,2.713,0.312,0.131,36.094,4.102,0.0,6.548,1.736,2.793,8.847999999999999,5.516999999999999,3.031,0.0,0.0,0.0,2.044,0.159,18.846,0.346,0.0,45.354,0.0,0.0,1.916,0.0,0.0,1.715,5.699,0.0,0.064,6.679,0.0,29.238,1.967,0.0,2.388,85.94800000000001,0.0,0.0,7.233
GUAMARE,2011,4.661,0.153,2.264,0.0,0.053,7.156000000000001,1.9,5.314,0.173,0.125,36.874,2.7,7.908,4.027,15.84,10.251,2.12,0.225,0.425,15.819,2.097,15.071,2.558,0.79,2.47,9.392,2.261,3.103,4.702999999999999,0.0,0.012,0.558,0.18,19.795,1.36,24.707,34.359,0.0,0.849,0.606,3.183,0.0,0.031,1.325,0.488,0.0,3.902,0.492,0.117,2.356,1.214,1.871,74.03399999999999,0.0,0.0,14.776
GUAMARE,2012,6.2,0.1,1.3,0.0,0.0,0.2,2.2,3.3,0.1,0.1,1.4,1.7,0.0,2.7,11.3,3.5,0.8999999999999999,0.1,0.0,30.8,2.7,0.0,1.2,0.3,1.8,2.2,0.1,1.8,8.1,0.0,0.0,1.0,0.1,16.8,0.5,0.0,1.7,0.0,0.8,0.0,1.8,0.0,8.8,0.7,0.0,0.0,4.0,0.0,2.4,0.4,0.1,0.7999999999999999,52.9,0.0,0.0,6.399999999999999
GUAMARE,2013,11.2,0.0,1.7,0.0,0.2,1.0,5.7,3.3,0.0,0.0,3.0,2.3,0.0,2.0,10.5,1.7,0.8,0.0,0.0,28.5,3.0,0.0,3.3,0.8,1.0,1.9,3.8,3.5,6.899999999999999,0.0,0.0,2.2,0.5,9.3,4.5,0.4,5.6,0.0,0.0,1.4,1.9,0.0,5.7,1.4,0.0,0.0,3.4,0.0,1.4,3.2,0.0,1.9,55.7,0.0,0.0,0.0
GUAMARE,2014,7.0,0.0,0.9,0.0,0.0,0.6,2.6,2.1,0.0,0.0,1.1,2.2,0.0,0.6,10.5,0.4,1.3,0.1,0.0,11.3,3.6,0.0,0.3,0.4,0.8,1.1,0.1,2.1,3.3,0.0,0.1,1.2,0.0,2.9,0.3,0.3,10.0,0.0,0.0,0.0,0.9,0.0,6.1,1.2,0.0,0.0,1.9,0.0,0.5,1.8,0.1,0.1,22.7,0.0,0.0,0.0
GUAMARE,2015,8.1,0.1,0.2,0.0,0.6,0.3,3.2,4.3,0.2,0.2,0.6,1.8,0.0,0.6,11.1,0.2,0.5,0.1,0.0,12.6,2.7,0.0,2.4,0.5,0.9,0.2,1.2,1.4,0.5,0.0,0.0,2.6,0.6,6.1,0.0,0.1,7.8,2.4,0.0,0.5,1.1,0.2,2.1,0.3,0.0,0.0,2.3,0.0,1.4,2.4,0.2,0.7,31.7,0.0,0.0,0.1
GUAMARE,2016,11.7,0.0,1.0,0.0,1.0,0.9,5.8,6.9,0.0,0.0,2.8,3.2,0.0,1.5,18.7,0.9,0.9,0.1,0.0,22.4,4.6,0.0,3.3,0.9,1.4,1.1,1.6,4.8,8.0,0.0,0.1,4.8,0.4,12.5,1.4,0.2,17.6,4.1,0.0,2.1,1.4,0.0,7.2,2.3,0.0,0.0,4.0,0.0,1.2,4.9,0.2,0.8,60.2,0.0,0.0,0.0
GUAMARE,2017,11.3,0.0,58.7,0.0,0.5,10.6,0.0,1.8,0.0,0.0,11.8,10.1,0.0,1.5,20.0,1.3,1.4,0.1,0.0,25.4,5.3,0.0,3.5,1.0,0.0,1.5,2.3,2.6,0.0,0.0,0.1,1.3,0.5,5.4,3.6,0.4,0.9,0.0,0.0,0.9,1.9,0.0,4.3,0.0,0.0,0.0,4.1,0.0,18.3,3.7,0.2,1.2,12.5,0.0,0.0,0.0
GUAMARE,2018,6.9,0.1,0.2,0.0,0.3,0.4,0.2,3.7,0.0,0.1,0.3,2.5,0.0,0.3,5.8,0.0,0.4,0.0,0.0,10.6,2.0,0.0,0.6,0.1,0.4,0.3,0.8,0.1,2.0,0.0,0.0,5.9,0.0,2.9,0.1,27.4,2.2,0.5,0.1,0.5,2.4,0.1,0.3,2.2,0.0,0.0,3.3,0.0,0.7,1.6,0.2,0.4,22.4,0.0,0.0,0.4
GUAMARE,2019,14.7,0.13,0.92,0.0,0.55,3.46,0.82,6.83,0.29,1.07,11.25,6.44,3.27,0.33,18.55,0.21,0.24,0.3,0.0,13.31,5.78,1.85,2.82,0.66,2.35,0.84,1.93,1.27,3.01,0.0,0.01,3.15,0.4,7.74,0.0,91.81,11.67,2.65,0.97,1.7,2.24,1.23,0.42,6.47,1.54,0.0,2.36,0.79,1.94,4.48,0.26,0.75,41.48,0.12,0.14,8.87
GUAMARE,2020,17.86,0.08,2.82,0.0,1.47,1.48,0.79,8.34,0.07,0.31,1.01,6.4,0.0,0.18,11.78,0.92,0.14,0.21,0.0,10.05,2.95,0.01,2.29,0.65,0.87,0.69,0.86,1.18,3.82,0.0,4.94,5.23,0.14,1.76,0.0,34.96,7.41,3.79,0.51,3.1,0.7,0.08,2.13,1.1,0.0,0.0,1.44,0.0,1.38,6.52,0.04,0.6,31.73,0.01,0.19,3.79
GUAMARE,2021,10.42,0.2,1.71,0.0,1.97,0.75,2.58,4.08,0.03,0.04,1.83,4.56,0.0,8.22,7.49,0.47,0.24,0.3,0.01,14.22,4.74,0.0,7.75,0.86,0.91,0.85,1.02,1.26,0.17,0.0,0.63,2.16,2.42,5.86,0.0,51.92,8.98,9.68,0.32,1.35,0.43,0.14,4.17,0.41,0.0,0.0,1.64,0.0,0.07,2.18,0.05,0.22,33.09,0.03,0.28,0.73
GUAMARE,2022,18.81,0.2,4.34,0.0,1.3,3.38,2.36,8.15,0.02,0.29,4.43,4.39,0.0,10.94,11.25,0.4,0.0,0.2,0.0,7.7,4.4,0.0,8.6,1.1,3.3,2.4,1.4,2.2,0.7,0.0,1.2,6.2,1.4,10.1,0.0,145.5,7.22,8.07,0.38,2.2,1.7,0.04,2.72,1.35,0.0,0.0,3.44,0.0,0.56,9.08,0.09,0.7,36.37,0.02,0.35,1.19
GUAMARE,2023,13.91,0.17,3.19,0.0,0.81,3.25,1.33,6.05,0.14,0.56,3.72,3.95,0.0,40.28,8.86,0.34,0.61,0.07,0.0,13.64,9.61,0.0,8.74,0.69,2.8,2.37,0.32,2.07,1.14,0.0,0.04,5.9,0.25,7.2,0.0,153.84,2.22,4.85,0.48,0.96,0.88,0.11,1.15,1.68,0.0,0.02,4.36,0.0,0.13,10.95,0.03,0.43,53.91,0.15,0.76,24.97
GUAMARE,2024,10.96,0.05,0.39,0.0,0.41,1.28,1.37,3.69,0.17,0.15,0.41,0.4,0.0,35.37,9.05,0.0,0.7,0.1,0.0,0.0,6.7,0.0,2.6,0.3,1.4,0.6,0.2,0.9,0.7,0.0,0.1,3.0,0.2,7.6,0.6,52.0,1.08,1.28,0.53,0.3,1.9,0.34,0.24,1.99,0.0,0.0,3.64,0.03,0.37,3.38,0.07,0.34,46.43,0.0,0.45,3.72
MACAU,2001,6.8,0.2,0.12,0.0,0.0,1.95,3.61,4.63,0.0,0.0,0.89,0.0,0.0,0.0,7.06,0.0,0.0,0.0,0.0,0.0,0.0,0.0,1.04,0.77,1.59,0.0,0.27,2.78,0.0,0.0,0.0,3.39,0.0,3.17,0.16,0.0,13.15,0.0,0.0,0.2,0.0,0.0,8.86,4.22,0.0,0.02,0.0,0.0,123.22,11.03,0.0,0.16,22.33,0.0,0.0,2.87
MACAU,2002,6.2,0.1,0.51,0.0,0.15,1.92,3.13,4.09,0.0,0.0,1.52,0.0,0.0,0.0,12.01,0.02,0.0,0.0,0.0,0.0,0.0,0.0,2.26,1.18,1.83,0.0,0.43,2.91,0.0,0.0,0.0,3.9,0.0,3.08,0.68,0.0,12.76,0.0,0.0,1.4,0.0,0.0,24.55,2.34,0.0,0.01,0.0,0.0,116.72,18.52,0.0,0.3,22.55,0.0,0.0,7.58
MACAU,2003,9.28,0.33,5.48,0.0,0.08,3.02,4.28,4.4,0.0,0.0,2.46,0.51,0.0,0.0,27.7,0.0,0.0,0.0,0.0,0.0,0.0,0.0,6.43,1.11,2.26,0.0,0.12,5.57,0.0,0.0,0.0,3.94,0.03,4.01,0.45,0.0,13.45,0.0,0.0,0.47,0.0,0.0,35.71,1.92,0.0,0.04,0.0,0.0,204.8,15.32,0.0,0.16,23.28,0.0,0.0,1.07
MACAU,2004,12.34,0.2,3.72,0.0,0.27,3.58,5.02,7.8,0.0,0.0,1.75,2.3,0.0,0.0,35.84,2.31,0.0,0.0,0.0,0.0,0.0,0.0,3.2,2.44,3.87,0.0,0.08,11.03,0.0,0.0,0.0,3.81,0.0,4.85,0.45,0.0,21.46,0.0,0.0,0.17,0.0,0.0,80.74,6.3,0.0,0.02,0.0,0.0,403.5,26.38,0.0,0.19,32.56,0.0,0.0,11.92
MACAU,2005,7.7,0.67,1.83,0.0,0.14,3.41,3.62,6.12,0.0,0.0,2.31,1.71,0.0,0.0,20.47,0.04,2.2,0.57,0.01,0.0,0.0,0.0,3.62,2.83,3.69,16.09,0.25,14.64,0.0,0.0,0.0,4.42,0.03,8.79,0.07,0.0,17.11,0.0,0.0,0.59,0.0,0.0,59.65,8.4,0.0,0.05,0.0,0.0,127.76,16.29,0.0,0.24,48.54,0.0,0.0,6.93
MACAU,2006,6.81,0.28,0.98,0.0,0.46,3.49,2.06,3.07,0.0,0.0,1.4,0.77,0.0,0.0,10.71,0.64,2.11,0.31,0.0,0.0,0.0,0.0,7.75,1.86,3.19,6.05,1.12,8.71,0.0,0.0,0.0,2.49,2.86,10.03,0.29,0.0,20.91,0.0,0.0,0.55,0.0,0.0,9.33,3.76,0.0,0.03,0.0,0.0,71.71,7.32,0.0,0.62,24.94,0.0,0.0,0.07
MACAU,2007,8.06,0.49,1.2,0.0,0.39,5.64,4.81,5.81,0.0,0.0,2.37,1.56,0.0,0.0,16.98,0.12,2.07,0.3,0.0,1.92,8.8,0.0,5.63,2.26,3.34,11.35,1.0,7.76,0.0,0.0,0.0,3.91,0.0,10.5,0.04,0.0,15.3,0.0,0.0,0.06,0.0,0.0,24.18,3.82,0.0,0.05,0.37,0.0,144.56,16.79,0.0,0.91,56.77,0.0,0.0,0.55
MACAU,2008,30.12,0.87,1.6,0.0,0.73,8.08,5.39,8.77,0.0,0.0,16.14,3.31,14.79,0.0,48.9,41.91,8.28,1.51,0.0,6.7,30.57,0.0,10.66,5.04,12.6,19.34,0.32,31.16,0.0,0.0,0.0,7.08,0.03,29.43,0.6,0.0,48.08,0.0,0.0,0.08,0.0,0.0,118.49,3.27,0.0,0.04,6.46,0.0,318.23,30.67,0.0,2.64,97.13,0.0,0.0,0.78
MACAU,2009,19.5892,4.2716,34.5711,0.3197,0.2899,11.1743,7.9717,19.9835,0.0,0.0,3.3892,7.9053,0.14,0.0,68.6286,55.9127,8.611,0.4386,0.0,15.2813,43.9882,0.0,24.2223,11.3813,22.1141,31.1459,0.7775,66.2376,0.0,0.0,0.0,13.3518,0.0822,60.1393,0.7210000000000001,0.0,66.7093,0.0,0.0,0.0505,0.0,0.0,181.0519,13.514,0.0,0.4066,12.6777,0.0,1282.1135,82.4086,0.0,3.4625,230.4542,0.0,0.0,0.9025
MACAU,2010,11.713,1.53,3.15,0.622,0.289,5.883,8.280000000000001,17.389,0.0,0.0,3.343,9.967,0.056,0.0,62.065,3.824,7.465999999999999,1.061,0.0,6.696,18.276,0.0,25.303,10.737,22.832,24.148,0.373,93.386,0.0,0.0,0.0,13.138,0.113,46.099,2.691,0.0,72.51599999999999,0.0,0.0,0.0,0.0,0.0,210.438,5.146,0.0,0.193,11.485,0.0,1053.63,84.294,0.0,4.981,224.426,0.0,0.0,13.599
MACAU,2011,33.062,3.257,4.852,0.0,0.343,8.055,7.976,14.018,0.305,4.186999999999999,1.739,8.626,0.0,16.992,69.902,10.974,6.726,1.551,0.0,6.116,18.795,0.017,10.707,5.104,13.006,15.93,0.516,107.143,19.604,0.0,0.673,5.707,0.032,30.767,5.662,19.364,408.313,0.0,2.036,0.058,1.023,0.146,57.83,1.797,0.0,0.126,19.089,0.0,553.225,74.12100000000001,3.871,2.159,169.991,0.172,0.0,7.009
MACAU,2012,47.8,1.2,3.9,0.0,1.0,13.3,5.9,22.5,0.3,2.3,15.5,11.5,0.0,21.3,43.4,1.8,5.0,1.8,0.0,5.5,12.1,0.0,12.1,6.399999999999999,9.4,21.2,0.2,59.59999999999999,15.7,0.0,1.9,12.5,0.0,28.4,0.4,4.4,44.6,0.0,1.4,0.2,1.4,7.0,219.6,4.9,0.0,0.1,6.6,0.0,135.1,51.0,2.7,5.9,164.1,1.7,0.0,50.7
MACAU,2013,45.8,0.0,4.0,0.0,1.1,22.4,20.4,20.3,0.0,0.0,34.8,11.8,0.0,18.9,34.0,2.6,7.199999999999999,0.7,0.0,7.3,14.2,0.0,9.5,10.5,12.9,13.1,0.3,100.8,33.0,0.5,1.4,16.9,0.0,45.8,1.9,6.1,74.8,0.0,0.0,0.4,1.3,0.0,265.7,13.4,0.0,0.3,5.9,0.0,360.4,88.0,2.6,7.3,151.1,0.8999999999999999,0.0,0.0
MACAU,2014,25.8,0.0,9.3,0.0,0.4,15.8,16.0,16.2,0.0,0.0,23.1,10.3,0.0,11.3,21.3,0.5,2.5,0.6,0.0,2.7,8.8,0.0,3.3,2.6,6.2,14.5,0.1,48.5,18.1,0.0,0.8,8.6,0.0,13.2,25.0,1.2,137.4,0.0,0.0,0.3,0.4,1.4,157.0,7.8,0.0,0.0,3.7,0.0,57.7,64.4,0.7,0.5,80.7,0.0,0.0,0.0
MACAU,2015,27.2,0.5,11.2,0.0,0.1,28.5,2.3,16.8,0.1,0.4,15.9,12.3,1.4,13.8,17.2,1.0,3.6,0.2,0.0,2.8,7.6,0.5,3.2,3.4,10.2,2.8,0.1,23.9,1.7,0.0,0.1,10.8,0.0,38.5,0.0,0.0,3.7,32.4,0.0,0.2,0.8,0.5,53.2,6.5,0.0,0.0,2.3,0.0,251.2,49.5,0.4,0.8,87.3,0.0,0.7,5.2
MACAU,2016,52.2,0.0,8.6,0.0,0.5,29.3,12.6,27.0,0.0,0.0,48.0,10.7,0.0,29.6,41.0,2.0,7.3,0.8,0.0,5.9,22.2,0.0,11.2,7.2,17.1,9.8,1.0,93.9,20.8,0.0,0.8,32.0,0.6,50.5,7.5,1.7,64.7,74.6,0.0,0.9,1.2,0.7,199.1,13.9,0.0,0.1,6.4,0.0,267.2,108.2,1.3,2.5,173.6,0.5,0.0,0.0
MACAU,2017,58.5,0.0,158.7,0.0,0.7,44.3,0.0,21.4,0.0,0.0,27.3,30.9,0.0,23.2,33.6,1.8,6.5,0.6,0.0,6.3,14.8,0.0,8.5,8.9,0.0,13.5,0.4,95.4,0.0,0.0,1.0,33.7,0.0,49.8,98.0,2.6,56.7,0.0,0.0,0.3,1.1,0.8,195.9,0.0,0.0,0.1,5.8,0.0,337.0,31.6,1.5,3.1,158.0,0.3,0.0,0.0
MACAU,2018,7.9,0.3,0.5,0.0,0.0,9.8,2.3,5.1,0.0,0.8,3.4,5.2,4.2,114.3,23.6,0.4,1.7,0.0,0.0,1.4,10.0,3.5,3.4,1.3,8.7,1.2,0.1,4.0,7.6,0.0,0.0,9.5,0.1,17.9,0.0,11.0,2.4,14.4,0.8,0.1,0.4,0.2,23.0,12.0,0.7,0.1,3.4,0.0,158.0,29.8,1.3,0.4,79.2,0.0,0.4,8.8
MACAU,2019,32.22,1.39,12.63,0.0,0.56,17.35,7.82,12.9,0.33,6.72,1.95,15.99,4.48,479.97,61.25,1.62,4.62,1.06,0.0,6.61,24.82,3.19,11.65,6.6,21.86,13.47,0.15,28.77,56.24,0.0,1.12,15.99,0.47,55.17,0.08,31.33,13.52,81.79,3.75,0.13,1.27,1.32,75.32,21.89,0.05,0.09,10.28,0.03,233.68,86.28,10.04,4.04,141.35,0.05,1.26,17.37
MACAU,2020,33.06,2.57,3.7,0.0,0.38,12.21,5.96,6.44,0.24,11.54,1.17,5.73,0.43,401.76,52.84,1.8,3.31,0.62,0.0,4.38,33.44,0.02,7.8,4.24,20.92,6.13,0.26,31.22,21.13,0.0,2.25,15.09,0.21,63.63,0.33,24.01,46.0,92.23,4.35,0.42,1.28,0.49,78.49,13.29,0.36,0.08,12.59,0.0,149.51,38.6,10.69,2.11,133.27,0.06,1.36,6.75
MACAU,2021,82.76,2.87,1.78,0.0,0.54,11.59,9.47,7.3,0.15,4.96,1.53,3.43,0.19,241.07,43.83,6.75,4.69,0.74,0.02,13.78,32.03,0.06,7.34,4.52,19.38,1.66,0.14,25.49,2.44,0.0,3.27,9.47,0.14,157.82,0.0,23.13,44.13,157.88,4.74,0.06,1.35,1.23,43.18,7.78,0.02,0.09,17.2,0.08,111.76,35.91,5.28,1.44,138.38,0.79,1.65,11.32
MACAU,2022,56.28,2.67,1.54,0.0,0.52,22.79,11.12,8.97,1.73,4.11,1.44,6.75,0.01,309.09,59.06,1.5,3.2,0.8,0.05,8.8,38.7,0.0,8.5,3.8,32.4,3.4,0.9,14.0,3.7,0.0,3.0,25.1,0.1,143.7,0.1,9.1,55.02,121.57,3.89,0.3,1.5,3.7,16.2,12.67,0.0,0.07,19.79,0.0,125.77,53.97,8.32,4.23,132.54,0.02,1.69,10.23
MACAU,2023,32.8,2.49,7.01,0.0,0.67,13.28,14.38,6.96,0.24,2.18,0.29,6.17,0.03,352.25,51.99,2.72,4.88,0.62,0.0,5.82,47.39,0.05,8.75,4.83,22.71,4.17,0.59,22.05,4.89,0.0,7.04,20.0,0.19,76.96,0.08,50.43,60.71,65.72,8.13,0.21,1.41,1.14,37.46,12.76,0.14,1.33,19.38,0.03,155.06,51.34,4.78,2.07,135.02,0.07,2.63,25.05
MACAU,2024,21.56,1.05,1.8,0.0,0.84,19.9,6.82,4.96,0.17,2.58,0.66,2.16,0.0,172.73,50.19,1.4,6.4,0.4,0.0,1.8,61.7,0.0,7.8,3.3,23.3,3.4,0.4,17.9,0.8,0.0,7.3,16.8,0.5,128.8,0.0,15.2,49.42,37.43,9.43,0.1,1.7,0.82,7.77,10.44,0.01,0.08,14.99,0.0,109.14,38.97,5.08,3.03,109.5,0.09,2.02,14.58
PORTO DO MANGUE,2001,2.47,0.06,0.28,0.0,0.0,6.84,3.98,0.96,0.0,0.0,1.23,0.0,0.0,0.0,2.51,9.64,0.0,0.0,0.0,0.0,0.0,0.0,7.9,0.56,6.23,0.0,0.34,4.1,0.0,0.0,0.0,3.92,0.21,2.56,19.3,0.0,7.42,0.0,0.0,0.0,0.0,0.0,0.0,5.11,0.0,4.17,0.0,0.0,0.0,0.66,0.0,0.16,5.41,0.0,0.0,0.59
PORTO DO MANGUE,2002,0.0,0.0,0.0,0.0,0.0,8.45,3.0,0.0,0.0,0.0,0.0,0.0,0.0,0.0,0.0,12.71,0.0,0.0,0.0,0.0,0.0,0.0,5.05,0.15,6.72,0.0,2.01,0.0,0.0,0.0,0.0,0.0,0.0,1.51,9.39,0.0,7.98,0.0,0.0,0.0,0.0,0.0,0.0,2.44,0.0,0.0,0.0,0.0,0.0,0.0,0.0,0.0,6.42,0.0,0.0,0.0
PORTO DO MANGUE,2003,0.0,0.0,0.0,0.0,0.0,8.58,0.98,0.0,0.0,0.0,4.05,0.37,0.0,0.0,7.82,4.51,0.0,0.0,0.0,0.0,0.0,0.0,1.87,0.0,0.4,0.0,0.0,0.53,0.0,0.0,0.0,0.0,0.0,0.32,8.47,0.0,4.3,0.0,0.0,0.0,0.0,0.0,0.0,0.0,0.0,0.24,0.0,0.0,0.0,0.16,0.0,0.06,3.41,0.0,0.0,0.0
PORTO DO MANGUE,2004,0.0,0.0,0.04,0.0,0.0,4.47,2.48,0.03,0.0,0.0,0.0,0.0,0.0,0.0,2.81,27.62,0.0,0.0,0.0,0.0,0.0,0.0,3.76,0.0,1.18,0.0,2.74,0.96,0.0,0.0,0.0,0.45,0.0,0.52,10.5,0.0,3.54,0.0,0.0,0.0,0.0,0.0,0.0,1.19,0.0,2.18,0.0,0.0,0.0,2.14,0.0,0.09,3.12,0.0,0.0,0.02
PORTO DO MANGUE,2005,0.21,0.0,0.0,0.0,0.01,11.52,9.95,0.52,0.0,0.0,2.29,1.05,0.0,0.0,5.56,8.57,3.92,1.23,0.0,3.56,0.0,0.0,4.22,0.55,2.37,0.65,1.7,1.63,0.0,0.0,0.0,1.13,0.24,6.5,11.82,0.0,8.34,0.0,0.0,0.14,0.0,0.0,0.0,7.01,0.0,5.49,0.0,0.0,27.42,2.91,0.0,2.4,6.1,0.0,0.0,0.6799999999999999
PORTO DO MANGUE,2006,0.0,0.0,0.04,0.0,0.07,7.94,10.74,0.47,0.0,0.0,0.0,0.35,0.0,0.0,7.87,14.0,4.33,1.25,0.0,0.0,0.0,0.0,5.77,1.52,0.7,0.92,1.23,1.73,0.0,0.0,0.0,0.94,0.1,5.35,2.85,0.0,2.76,0.0,0.0,0.0,0.0,0.0,0.0,5.31,0.0,0.74,0.0,0.0,0.04,2.58,0.0,2.14,3.32,0.0,0.0,0.1
PORTO DO MANGUE,2007,0.0,0.98,0.18,0.0,0.0,4.55,3.47,0.74,0.0,0.0,0.69,0.13,0.0,0.0,1.77,3.3,1.66,0.49,0.0,0.0,0.41,0.0,3.04,0.52,0.97,1.6,0.58,2.62,0.0,0.0,0.0,1.06,0.01,2.43,3.99,0.0,2.75,0.0,0.0,0.0,0.0,0.0,0.0,1.26,0.0,1.82,0.28,0.0,0.01,0.07,0.0,1.63,1.45,0.0,0.0,0.31
PORTO DO MANGUE,2008,0.0,0.61,0.13,0.0,1.05,13.11,14.06,3.27,0.0,0.0,1.18,0.33,0.0,0.0,8.95,205.35,6.65,2.19,0.0,0.0,9.07,0.0,4.26,2.37,3.41,4.32,1.53,2.93,0.0,0.0,0.0,2.68,0.0,10.55,26.75,0.0,6.92,0.0,0.0,0.9,0.0,0.0,0.0,2.39,0.0,0.72,2.64,0.0,0.01,0.59,0.0,4.14,7.08,0.0,0.0,1.32
PORTO DO MANGUE,2009,0.0407,0.1972,2.1523,0.096,1.2882,14.4814,15.1602,17.9696,0.0,0.0,0.9228,0.2294,0.06,0.0,15.8609,239.6958,28.6515,2.702,0.434,0.0,43.1573,0.0,5.063800000000001,3.3143,5.2969,7.3339,1.1678,2.01,0.0,0.0,0.0,4.848,0.0925,25.1138,38.4376,0.0,16.0406,0.0,0.0,0.7957000000000001,0.0,0.0,0.0,5.3357,0.0,0.9123,9.3083,0.0,0.39,1.3972,0.0,4.6525,51.18079999999999,0.0,0.0,4.962199999999999
PORTO DO MANGUE,2010,0.129,0.941,15.77,0.226,0.882,16.156,15.815,22.785,0.0,0.0,5.741,0.343,0.847,0.0,43.51300000000001,66.02600000000001,22.009,3.205,0.127,0.02,48.081,0.0,8.846,2.371,3.713,9.298,0.731,4.138,0.0,0.0,0.0,3.562,0.043,18.623,31.15,0.0,20.937,0.0,0.0,0.6020000000000001,0.0,0.0,0.0,12.807,0.0,0.549,20.724,0.0,0.44,4.465,0.0,2.376,41.989,0.0,0.0,2.364
PORTO DO MANGUE,2011,0.358,1.503,0.1,0.0,0.976,19.367,14.184,29.638,0.29,1.459,5.215,0.381,0.0,7.848,55.453,86.751,16.089,3.176,0.0,0.793,46.659,0.156,3.695,3.667,6.263999999999999,9.261,0.7989999999999999,2.246,6.018000000000001,0.0,0.08,6.653,8.105,15.174,60.405,0.218,68.73,0.0,1.431,0.51,13.008,2.479,0.003,10.335,0.056,0.955,11.704,0.003,2.145,10.383,0.6719999999999999,2.615,31.949,7.228,0.0,2.036
PORTO DO MANGUE,2012,0.2,0.2,0.7,0.0,0.6000000000000001,29.3,9.1,18.9,0.4,1.9,5.199999999999999,0.7999999999999999,0.0,6.899999999999999,35.6,30.1,21.7,1.8,0.0,10.4,41.8,0.0,3.6,1.8,3.9,11.8,0.3,2.5,15.7,0.0,0.1,4.9,0.0,19.7,47.7,4.4,4.9,0.0,5.1,1.2,7.9,3.4,0.0,13.8,0.1,0.6,5.6,0.0,1.4,3.7,0.8,2.5,59.2,114.3,0.0,2.2
PORTO DO MANGUE,2013,0.3,0.0,0.1,0.0,0.8,42.1,12.6,27.7,0.0,0.0,7.100000000000001,1.0,0.0,89.5,43.59999999999999,22.7,18.0,2.3,0.0,9.5,36.0,0.0,2.2,3.3,4.4,16.5,0.4,1.1,74.6,2.9,0.0,7.5,0.1,10.4,54.09999999999999,2.0,38.6,0.0,0.0,0.2,17.2,0.0,0.2,27.6,0.0,0.6,3.0,0.0,1.2,8.6,0.8999999999999999,2.7,56.5,13.5,0.0,0.0
PORTO DO MANGUE,2014,0.6,0.0,0.0,0.0,0.1,14.7,10.5,13.9,0.0,0.0,1.9,1.1,0.0,5.4,12.1,8.6,14.6,3.5,0.0,6.4,17.7,0.0,1.0,1.7,3.4,8.7,0.1,0.2,16.7,0.0,0.0,3.6,0.0,5.4,29.5,0.3,17.9,0.0,0.0,0.2,6.3,1.4,0.0,9.9,0.0,0.0,1.2,0.0,0.0,9.8,0.5,0.3,28.2,0.1,0.0,0.0
PORTO DO MANGUE,2015,0.4,0.0,0.1,0.0,0.4,25.4,12.8,7.4,0.7,1.4,6.7,3.2,0.0,2.4,4.6,8.8,5.6,1.1,0.1,9.1,9.3,0.0,1.9,1.2,8.4,2.9,0.2,0.4,0.3,0.0,0.0,10.6,0.0,12.7,21.9,0.1,10.2,0.0,0.0,1.4,2.9,1.7,0.0,4.6,0.0,1.9,1.3,0.0,0.1,9.7,0.5,0.7,20.8,1.3,0.1,0.9
PORTO DO MANGUE,2016,0.8,0.0,0.3,0.0,0.4,52.9,16.3,18.1,0.0,0.0,4.9,3.9,0.0,9.8,26.4,23.6,14.0,1.8,0.0,18.2,22.9,0.0,3.4,3.0,11.8,9.5,0.3,1.3,34.4,0.0,0.2,21.3,0.1,21.6,49.5,0.6,33.9,0.0,0.0,0.9,8.7,3.3,0.1,15.9,0.0,1.5,2.3,0.0,1.4,20.7,1.0,1.1,44.3,21.7,0.0,0.0
PORTO DO MANGUE,2017,22.2,0.0,52.0,0.0,0.5,52.7,0.0,16.2,0.0,0.0,35.0,3.5,0.0,33.6,26.8,19.7,17.9,3.4,0.0,14.5,29.4,0.0,3.0,3.0,0.0,12.7,0.3,9.4,0.0,0.0,0.0,28.2,0.0,18.6,23.1,0.9,45.1,0.0,0.0,0.8,11.5,3.3,1.3,0.0,0.0,1.7,2.5,0.0,24.0,2.9,0.9,1.7,0.9,5.8,0.0,0.0
PORTO DO MANGUE,2018,1.0,0.0,0.0,0.0,0.2,15.9,5.1,5.1,0.3,0.9,0.7,1.7,0.1,2.8,11.0,7.2,3.7,0.7,0.0,16.4,2.6,0.0,1.5,0.4,5.0,2.0,0.1,0.2,1.2,0.0,0.0,7.8,0.0,3.3,9.1,0.0,3.1,0.0,1.2,0.0,3.0,0.4,0.0,4.7,0.0,2.2,0.8,0.0,0.2,16.3,0.4,1.5,9.3,0.1,0.1,0.1
PORTO DO MANGUE,2019,0.58,0.0,0.06,0.0,0.23,30.28,10.79,8.51,0.97,6.31,0.83,7.37,0.0,24.39,22.93,23.72,7.87,2.71,0.04,36.98,12.24,0.19,3.59,2.46,7.4,6.08,0.47,0.15,23.53,0.0,0.29,15.11,0.08,5.78,26.99,0.03,8.41,0.0,2.38,0.04,4.41,3.28,0.0,7.75,0.03,2.47,2.58,0.0,0.22,30.82,12.64,4.75,28.32,0.16,0.44,0.88
PORTO DO MANGUE,2020,0.73,0.0,0.11,0.0,1.37,38.84,10.27,1.84,0.44,3.44,1.36,3.36,0.07,1.01,17.08,14.11,12.86,1.09,0.0,35.49,11.26,0.15,2.52,2.94,13.46,9.03,0.55,0.21,1.19,0.0,0.39,13.7,0.03,7.34,30.41,0.0,4.78,0.11,1.45,0.76,5.52,1.2,0.01,3.72,0.0,1.23,2.24,0.0,0.1,27.73,7.28,5.95,22.35,0.0,0.11,0.5
PORTO DO MANGUE,2021,2.01,0.0,0.17,0.0,1.09,54.23,12.04,7.73,0.83,2.39,3.1,4.07,0.16,5.28,25.87,4.76,14.23,0.97,0.07,25.71,12.38,1.98,2.61,3.27,11.96,8.06,0.09,0.37,0.03,0.0,0.07,17.26,0.02,23.46,38.76,0.2,3.32,0.93,1.62,0.58,8.51,0.86,0.02,3.78,0.08,1.27,1.59,0.0,0.14,13.12,4.54,1.23,25.7,0.11,1.12,0.89
PORTO DO MANGUE,2022,1.57,0.0,241.02,0.0,0.84,67.98,9.01,8.53,0.71,2.11,3.02,7.84,0.88,1.6,23.0,1.4,29.2,1.3,0.0,22.6,21.0,1.34,1.6,3.8,11.4,18.3,0.1,0.3,0.2,0.0,0.3,25.1,0.1,18.0,31.7,0.0,12.03,0.02,2.71,0.0,5.2,1.39,0.0,6.5,0.06,1.55,2.39,0.0,0.04,24.99,7.35,1.16,25.96,0.09,0.74,1.24
PORTO DO MANGUE,2023,1.27,0.03,150.5,0.0,0.36,46.24,5.23,5.68,0.43,1.18,1.48,4.39,0.0,2.46,19.52,1.76,23.65,3.19,0.0,23.66,20.63,0.03,1.48,3.19,9.89,11.05,0.07,1.16,0.0,0.0,0.1,11.32,0.01,6.75,98.75,0.01,5.27,0.12,3.74,0.13,4.79,1.39,0.08,2.34,0.0,2.55,2.72,0.0,0.09,22.69,19.96,0.4,20.64,0.25,0.61,2.9
PORTO DO MANGUE,2024,0.78,0.01,97.37,0.0,0.28,49.05,4.33,4.1,0.2,1.32,0.72,5.0,0.02,0.6,20.41,4.5,19.7,2.0,0.0,18.7,13.1,0.03,1.3,2.0,11.4,6.0,0.4,0.1,0.0,0.0,0.1,17.9,0.2,20.4,40.2,0.1,1.28,0.05,1.61,0.3,2.3,0.11,0.01,1.28,0.0,0.81,2.56,0.02,0.09,4.43,22.53,0.58,11.95,0.05,0.15,1.24
TIBAU,2008,0.0,0.0,0.0,0.0,0.0,0.0,0.0,0.0,0.0,0.0,0.0,0.0,0.0,0.0,0.12,0.0,0.0,0.0,0.0,0.0,0.0,0.0,0.0,0.0,0.0,0.0,0.0,0.0,0.0,0.0,0.0,0.0,0.0,0.0,2.44,0.0,0.0,0.0,0.0,0.0,0.0,0.0,0.0,0.0,0.0,0.0,0.0,0.0,0.0,0.0,0.0,0.0,0.0,0.0,0.0,0.0
TIBAU,2009,0.0,0.0,0.0,0.0,0.1771,2.5301,0.6287999999999999,0.2832,0.0,0.0,0.8179,0.284,0.0,0.0,0.347,2.4376,0.0132,0.1083,0.1114,0.0,0.1209,0.0,0.365,0.6097,0.55,0.2939,0.0989,0.1339,0.0,0.0,0.0,1.1148,0.1571,0.2736,20.0989,0.0,0.6812999999999999,0.0,0.0,0.1006,0.0,0.0,0.0,1.209,0.0,0.0,0.22,0.0,0.172,2.1052,0.0,0.1068,0.08,0.0,0.0,0.0272
TIBAU,2010,0.004,0.05,0.0,0.108,0.02,2.543,2.767,1.988,0.0,0.0,0.476,0.337,0.0,0.0,4.208,0.172,0.182,0.153,0.062,0.0,0.33,0.0,2.075,1.461,1.337,0.937,0.558,0.301,0.0,0.0,0.0,0.889,0.23,0.362,11.502,0.0,1.198,0.0,0.0,0.142,0.0,0.0,0.0,2.155,0.0,0.0,0.017,0.0,0.477,1.55,0.0,0.7270000000000001,0.006,0.0,0.0,0.2
TIBAU,2011,0.0,0.09,0.258,0.0,0.159,2.727,1.43,1.388,0.419,0.142,0.314,0.301,0.006,0.0,6.092000000000001,0.34,0.132,0.002,0.002,0.0,0.0839999999999999,0.008,0.451,0.96,1.978,0.444,0.687,0.592,0.402,0.0,0.0,0.48,0.299,0.746,15.602,0.0,3.207,0.0,0.127,0.218,0.156,0.0,0.006,1.202,0.005,0.0,0.013,0.0,0.316,0.827,0.0,0.14,0.0,0.0,0.0,0.101
TIBAU,2012,0.0,0.0,0.0,0.0,0.1,1.8,1.1,1.0,0.2,0.0,0.3,0.1,0.0,0.0,4.1,0.0,0.2,0.0,0.0,0.0,0.0,0.0,0.7999999999999999,0.8,0.9,0.6,0.5,0.1,0.8,0.0,0.0,0.3,0.3,0.3,18.3,0.0,0.0,0.0,0.3,0.0,0.0,0.0,0.0,0.9,0.0,0.0,0.0,0.0,0.4,0.7,0.0,0.8,0.0,0.0,0.0,0.0
TIBAU,2013,0.0,0.0,0.0,0.0,0.0,1.2,1.4,1.6,0.0,0.0,0.2,0.2,0.0,0.0,3.1,0.0,0.4,0.2,0.0,0.0,0.2,0.0,0.1,0.8,0.2,0.8,0.1,0.0,0.7,0.1,0.1,0.3,0.0,0.0,26.7,0.0,0.4,0.0,0.0,0.0,0.1,0.0,0.0,1.1,0.0,0.0,0.0,0.0,0.3,0.7,0.0,0.3,0.0,0.0,0.0,0.0
TIBAU,2014,0.0,0.0,0.0,0.0,0.0,0.4,0.4,0.5,0.0,0.0,0.0,0.1,0.0,0.0,0.8,0.0,0.3,0.3,0.0,0.0,0.1,0.0,0.2,0.4,0.2,0.3,0.1,0.1,0.2,0.0,0.0,0.1,0.0,0.1,6.3,0.0,0.2,0.0,0.0,0.0,0.1,0.0,0.0,0.8,0.0,0.0,0.0,0.0,0.2,0.2,0.0,0.0,0.0,0.0,0.0,0.0
TIBAU,2015,0.0,0.0,0.0,0.0,0.0,0.6,0.2,0.4,0.0,0.0,0.0,0.1,0.0,0.0,0.7,0.0,0.3,0.7,0.0,0.0,0.1,0.0,0.1,0.3,0.1,0.2,0.3,0.0,0.2,0.0,0.0,0.2,0.0,0.3,10.4,0.0,0.1,0.0,0.0,0.0,0.1,0.1,0.0,0.6,0.0,0.0,0.0,0.0,0.2,0.3,0.0,0.1,0.0,0.0,0.0,0.0
TIBAU,2016,0.0,0.0,0.0,0.0,0.1,1.4,0.9,1.4,0.0,0.0,0.3,0.2,0.0,0.0,2.2,0.0,0.6,0.2,0.0,0.0,0.2,0.0,0.3,0.9,0.4,0.8,0.2,0.1,0.7,0.0,0.1,0.4,0.1,0.2,20.1,0.0,0.4,0.0,0.0,0.1,0.2,0.1,0.0,1.4,0.0,0.0,0.1,0.0,0.4,0.7,0.0,0.2,0.0,0.0,0.0,0.0
TIBAU,2017,1.1,0.0,0.0,0.0,0.0,1.2,0.0,1.2,0.0,0.0,0.6,0.0,0.0,0.0,2.1,0.0,0.5,0.4,0.0,0.0,0.2,0.0,0.3,0.7,0.0,0.6,0.2,0.3,0.0,0.0,0.0,0.3,0.0,0.9,18.7,0.0,1.1,0.0,0.0,0.0,0.1,0.1,0.0,0.0,0.0,0.0,0.0,0.0,2.0,0.2,0.0,0.2,0.0,0.0,0.0,0.0
TIBAU,2018,0.0,0.0,0.3,0.0,0.1,0.7,0.2,0.2,0.0,0.0,0.0,0.0,0.0,0.0,1.7,0.0,0.0,0.0,0.0,0.0,0.0,0.0,0.5,0.4,0.2,0.0,0.0,0.0,0.1,0.0,0.0,0.4,0.0,0.1,23.9,0.0,0.2,0.0,0.1,0.0,0.0,0.0,0.0,2.3,0.0,0.0,0.0,0.0,0.0,1.4,0.0,1.1,0.0,0.0,0.0,0.0
TIBAU,2019,0.0,0.0,0.0,0.0,0.0,0.75,0.41,0.34,0.03,0.55,0.01,0.22,0.0,0.0,3.21,0.0,0.04,0.02,0.0,0.0,0.05,0.0,0.01,0.63,0.32,0.48,0.1,0.0,0.73,0.0,0.0,0.44,0.0,0.07,22.48,0.0,0.27,0.0,0.04,0.0,0.01,0.0,0.0,1.55,0.0,0.0,0.0,0.0,0.0,0.91,0.01,0.11,0.0,0.0,0.12,0.02
TIBAU,2020,0.01,0.0,1.44,0.0,0.1,1.86,0.93,0.28,0.02,0.13,0.03,0.02,0.0,0.0,2.24,0.0,0.02,0.05,0.0,0.0,0.0,0.0,0.1,0.62,0.11,0.62,0.01,0.03,0.26,0.0,0.03,0.75,0.0,0.25,5.7,0.0,0.08,0.0,0.14,0.02,0.03,0.03,0.0,0.65,0.0,0.0,0.49,0.0,0.02,0.39,0.02,0.21,0.0,0.0,0.17,0.03
TIBAU,2021,0.0,0.0,0.0,0.0,0.06,1.9,0.77,0.39,0.01,0.08,0.05,0.03,0.0,0.0,3.29,0.0,0.01,0.04,0.0,0.0,0.05,0.0,0.07,0.76,0.04,0.36,0.0,0.0,0.55,0.0,0.0,0.7,0.0,0.3,1.17,0.0,0.02,0.01,0.08,0.02,0.01,0.04,0.0,1.04,0.0,0.0,0.03,0.0,0.05,0.67,0.0,0.01,0.0,0.0,0.19,0.02
TIBAU,2022,0.0,0.0,0.0,0.0,0.0,2.67,0.25,0.44,0.0,0.0,0.2,0.03,0.0,0.0,3.93,0.0,0.0,0.0,0.0,0.0,0.1,0.0,0.0,0.7,0.0,0.6,0.0,0.0,0.4,0.0,0.0,1.5,0.0,0.0,2.7,0.0,0.0,0.0,0.35,0.0,0.1,0.0,0.0,0.93,0.0,0.0,0.27,0.0,0.0,0.63,0.0,0.0,0.0,0.01,0.16,0.01
TIBAU,2023,0.0,0.0,0.0,0.0,0.0,3.65,0.91,0.43,0.02,0.0,0.3,0.01,0.0,0.0,4.74,0.0,0.01,0.03,0.0,0.02,0.37,0.0,0.04,0.68,0.0,0.78,0.0,0.0,0.51,0.0,0.01,1.88,0.0,0.01,5.17,0.0,0.0,0.0,0.35,0.0,0.06,0.0,0.0,1.59,0.01,0.0,0.18,0.0,0.01,1.02,0.0,0.0,0.01,0.01,0.24,0.09
TIBAU,2024,0.01,0.0,0.0,0.0,0.04,4.42,0.31,0.59,0.02,0.02,0.27,0.0,0.0,0.01,3.34,0.0,0.0,0.1,0.0,0.0,0.5,0.0,0.0,1.0,0.0,0.7,0.1,0.0,0.6,0.0,0.0,1.5,0.0,0.0,0.0,0.0,0.0,0.01,0.38,0.0,0.1,0.0,0.01,1.51,0.0,0.0,0.52,0.0,0.0,0.84,0.02,0.0,0.0,0.0,0.14,0.06
